diff_w4_up,diff_w4_down,diff_w8_up,diff_w8_down,diff_w16_up,diff_w16_down,diff_w32_up,diff_w32_down,diff_w48_up,diff_w48_down
Abcd1,Abcc5,Acaa1b,A2m,A2m,A1bg,A1bg,A1i3,Abcc3,Abcg5
Adam15,Abcg2,Acsl3,Abcc2,A3galt2,A1i3,A3galt2,AA926063,Acpp,Abcg8
Add1,Abcg8,Acvr1c,Abcg5,Abca2,Aadat,Abca2,Aadat,Acsl5,Abhd14a
Adra1b,Abhd5,Adamdec1,Abcg8,Abca4,Aamdc,Abca4,Aamdc,Acss2,Ablim3
Afmid,Ablim3,Adh1,Abhd2,Abca5,Abca8a,Abcb1a,Aass,Adamts12,Acadm
Ahcy,Acsl4,Adh7,Ablim3,Abcb1b,Abcb7,Abcb1b,Abcb11,Adamts4,Afm
Ahdc1,Adck5,Agap3,Ac1576,Abcc1,Abcc2,Abcc1,Abcb7,Agap3,Agpat6
Akr1c13,Ak6,Ak4,Adcy10,Abcc3,Abcc6,Abcc3,Abcc2,Aifm2,Agt
Amotl2,Amigo1,Akr1d1,Ager,Abcc9,Abcg5,Abcc9,Abcg5,Anp32a,Ahctf1
Angptl3,Aox3,Akr7a3,Amacr,Abcg3l3,Abcg8,Abcg2,Abcg8,Anxa5,Amdhd1
Apoa2,Apoa5,Aldh1a1,Amigo1,Abi2,Abhd1,Abcg3l1,Abhd14a,Appl2,Ankrd32
Aqp11,Arhgef3,Aldh1l1,Angptl2,Abr,Abhd14a,Abcg3l3,Abhd14b,Arl4d,Aox3
Arhgef19,Armcx3,Amer1,Aox3,Abracl,Abhd14b,Abhd6,Abtb2,Arntl,Apoa5
Asb5,Asl,Amotl2,Apcs,Acaa1b,Abhd2,Abi2,Ac1576,Atat1,Atp7b
Atp1a3,Atp8b1,Angptl4,Apoa5,Acbd3,Ac1576,Abr,Acacb,Atf4,C1qtnf3
Bcar1,Cav2,Anxa5,Aqp9,Ace,Acadsb,Ace,Acad10,B4galt1,Camk2n1
Bche,Ccdc152,Anxa8,Arhgef3,Acer2,Acbd4,Ackr3,Acadsb,Bst2,Car3
Bco2,Ccnd1,Apitd1,Armcx3,Ackr3,Ace2,Acot1,Acbd5,Btg1,Ccdc126
Bhlhe40,Chmp4c,Ar,Arntl2,Acot1,Ackr2,Acot11,Acmsd,C4b,Ccdc146
C2cd2,Cks1b,Arl4d,Ascl1,Acot2,Acnat2,Acot2,Acnat2,C9,Ccnd1
Cadm1,Ctr9,Arpp19,Asl,Acot3,Acot12,Acot9,Acot12,Cacnb4,Ccnf
Cd14,Dab1,Arrdc3,Atp8b1,Acot4,Acot5,Acta2,Acox2,Camkk2,Ces1c
Cd99l2,Dap,Arse,C1qtnf3,Acot9,Acox2,Actb,Acsbg1,Cblc,Ces1d
Cers2,Egfr,Asah2,Cacnb2,Acsl3,Acox3,Actg1,Acsl4,Ccl21,Cgrrf1
Ces2c,Exosc2,Asb5,Cadm4,Acta2,Acsf2,Actg2,Acsm3,Cd36,Ciart
Ces4a,Fabp7,Bag4,Camk2n1,Actb,Acsl4,Adamts2,Acy1,Cd72,Cib2
Chpt1,Fastkd1,Bco2,Casp6,Actg1,Acss3,Adamts3,Acy3,Ces2a,Cited4
Chst13,Fgl1,Bst2,Cav2,Actn3,Acy1,Adamts4,Adamts1,Chka,Clca5
Chst9,Fmo3,Btg1,Ccdc28b,Adam15,Acy3,Adap1,Adcy1,Chst9,Clic2
Col27a1,Fn1,Cacna2d4,Cd320,Adam19,Adamts7,Adcy7,Adgre1,Ciz1,Clmn
Cpeb4,Glyatl1,Car12,Cda,Adamdec1,Adap2,Add3,Adgrf5,Clpx,Clstn1
Csrnp2,Got1,Car2,Celsr2,Adamts12,Adck5,Adgrf3,Adh4,Commd6,Cml2
Ctnnbip1,Gpatch4,Ccdc112,Cgrrf1,Adamts2,Adcy10,Adgrg1,Adh5,Copz2,Colq
Cyp1a1,Gys2,Ccng1,Cish,Adamts4,Adgre1,Adgrg2,Adhfe1,Coro1c,Cpq
Cyp2c7,Hemk1,Cd14,Cldn3,Adamts9,Adh4,Adm2,Adk,Cp,Cpt1a
Cyp2d2,Ifitm3,Cd1d1,Csrp1,Adap1,Adh5,Adora1,Adrb1,Cyp2c7,Crym
Cyp2d4,Igf1,Cd36,Cyp2t1,Adat1,Adh6,Adra2b,Aff1,Dapk1,Cyp2d2
Cyp3a9,Igfals,Cd81,Dab1,Adcy7,Adhfe1,Aebp1,Afm,Ddhd1,Cyp2t1
Dcbld2,Igfbp2,Cdkn1a,Dnajb9,Adcyap1r1,Adra1b,Afap1,Afmid,Dhcr7,Dab1
Def8,Il6st,Cdkn2b,Dnase2,Adgrg1,Afm,Afap1l2,Agfg2,Disp1,Ddr1
Dhdds,Irs2,Ces2a,Dtx3,Adgrg2,Agmat,Agpat3,Agmat,Dixdc1,Dhrs7
Dmgdh,Klkb1,Ces2c,Dusp14,Adm,Agmo,Agpat9,Agt,Dlat,Dpp6
Dpt,Lck,Ces4a,Ednra,Adm2,Agpat6,Agtpbp1,Ahcy,Dmbt1,Efna5
Dusp1,Lect2,Chpt1,Eef2k,Adora1,Agt,Ahnak,Ahsg,Dnm1,Egfr
Entpd5,Lepr,Chrna2,Efna5,Adora2a,Ahctf1,Aida,Aif1,Dsc2,Eml5
Entpd8,LOC299282,Cidec,Egfr,Adpgk,Ahsg,Aifm2,Ak3,Ear11,Enpp2
Ephb6,Lpin1,Ckap2,Eif1a,Aebp1,Akap5,Aig1,Akap5,Efna1,Esrrg
Esr1,Lysmd2,Clcn6,Epb41l1,Afap1,Akap6,Ajuba,Akr1c1,Elovl6,Fabp12
Ethe1,Mug1,Coro2a,Erlin1,Afap1l2,Akap8l,Akap2,Akr1c12,Ern1,Fam117b
Etnk2,Ndufaf4,Cry1,Fabp7,Afmid,Aknad1,Akna,Akr1c12l1,Espl1,Fam89a
Evc2,Nol8,Cryl1,Fam117b,Ago2,Akr1c13,Akr1b10,Akr1c13,Ets2,Fitm2
Extl1,Nop56,Cryz,Fmo1,Agpat3,Akr1c14,Aldh18a1,Akr1c14,Eva1a,Fmo1
Fam8a1,Nt5c3b,Csmd1,Fn1,Agpat4,Akr1c19,Aldh1a1,Akr1c3,Fabp4,Fmo3
Fgfr3,Nup98,Cubn,Fzd5,Agpat9,Akr1c2,Aldh1a3,Akr1e2,Farp2,Gadd45g
G0s2,Pla2g2d,Cxcl9,Gadd45g,Agtpbp1,Akr7a2,Aldh1a7,Akr7a2,Fas,Got1
Gcat,Plcxd2,Cyp1a1,Gas5,Ahnak,Alad,Aldh3b1,Akr7a3,Fasn,Gpr146
Gchfr,Plekhb1,Cyp26b1,Gch1,Aida,Alas1,Aldoa,Alb,G6pd,Gyltl1b
Gck,Pnpla7,Cyp2b2,Gfra1,Aifm2,Aldh3a2,Aloxe3,Aldh2,Gale,Hacl1
Gda,Ppargc1a,Cyp2c22,Gne,Ajuba,Aldh9a1,Alyref,Aldh4a1,Gan,Hao1
Gfod2,Prelid2,Cyp2c6v1,Got1,Akap12,Alkbh7,Ampd3,Aldh7a1,Gapdh,Hao2
Ghr,Prps1,Dact2,Gpr146,Akap2,Als2cr12,Amy2a3,Aldh9a1,Gatsl2,Hdac2
Gja5,Ptpn9,Dapp1,Hacl1,Akr1b8,Amacr,Angpt1,Alkbh7,Gna12,Hsd17b2
Gnat3,Qrsl1,Dbi,Hao2,Akt3,Amdhd1,Ankef1,Als2,Gpam,Ifit1
Gnmt,Qsox1,Derl3,Hsd17b2,Aldh18a1,Amigo1,Ankrd39,Amacr,Gpx2,Inmt
Gpam,Rab30,Dhdds,Igf1,Aldh1a1,Ammecr1l,Anks6,Amdhd1,Grk5,Ivns1abp
Gpd1,Rarres1,Dpt,Igfals,Aldh1a7,Anapc11,Ano7,Amigo1,Gsta3,Kazn
Gpr137b,RGD1309362,Efna1,Kcnh1,Aldoa,Ang,Anp32b,Ammecr1l,H2afy2,Kcnh1
Gpt,RGD1562284,Ehhadh,Kdm6b,Aloxe3,Ankrd46,Antxr1,Ampd2,Hcn3,Klf9
Gstm2,Rhpn2,Elovl6,Klf9,Alpl,Ankrd55,Anxa1,Amy1a,Hebp2,Ldhb
Gypc,Rpl23,Entpd5,Klkb1,Amer1,Anks4b,Anxa2,Ang,Heph,Lgr4
Herc3,Sat2,Ephx1,Lect2,Amotl2,Anxa3,Anxa5,Angptl3,Hfe2,Lgsn
Hist1h2bh,Slc1a3,Ethe1,Lgr4,Ampd3,Aox3,Anxa7,Ankrd55,Hip1r,Lhx6
Hist1h4b,Slc25a15,Evc2,Lhx6,Amz1,Apba2,Anxa8,Anxa3,Hjurp,Lmod2
Homer2,Slc30a3,Fam49a,Lin7a,Angpt1,Apcs,Aoc1,Aox1,Hp,LOC100360095
Hrk,Socs2,Fasn,LOC259244,Angptl4,Aph1b,Aoc3,Aox3,Hps3,LOC102552805
Hsd17b6,Sult1c3,Fgf21,LOC299282,Ankef1,Aplp1,Apaf1,Apcs,Hspa4l,LOC257642
Hsf4,Tlr2,G0s2,LOC680200,Ankrd33b,Apoa5,Apba2,Apoa5,Ikbke,LOC259244
Il36b,Tmem144,Gale,Lox,Ankrd37,Apoc1,Apbb1,Apoc1,Il17rb,LOC298111
Il4r,Tnfrsf9,Galr3,Loxl4,Ankrd39,Apoc2,Aplnr,Apoh,Insig1,LOC299282
Inhbe,Tpst1,Gapdh,Lpar2,Ankrd6,Apoc3,App,Apold1,Irf1,Lyc2
Itga5,Uap1l1,Gbe1,Lppr1,Anks6,Apoc4,Appl2,Apom,Irs3,Map1b
Iyd,Wsb1,Gck,Ltc4s,Ano7,Apof,Aqp4,Apon,Itga5,Mboat1
Josd2,Xirp2,Gda,Lurap1,Antxr1,Apoh,Aqp5,Aqp9,Itih4,Mcm10
Jph4,Xrcc2,Gdf15,Med4,Anxa1,Apon,Aqp7,Arg1,Itpk1,Mmd2
Kank1,Zfp202,Gdnf,Mir290,Anxa2,Aqp9,Arf2,Arl5b,Jph4,Mphosph9
Kank2,Zfp593,Gja5,Mir291a,Anxa4,Arhgap8,Arhgap11a,Art2b,Kank2,Mup4
Kcnn2,Zfp955a,Gnat3,Mir292,Anxa5,Arntl2,Arhgap22,Asb16,Kcnn2,Mup5
Kdsr,NA,Gng10,Mir3589,Anxa7,Asb2,Arhgap28,Asl,Lbp,Nat8
Khk,NA,Gpam,Mmd2,Anxa8,Ascl1,Arhgdia,Aspa,Lcn2,Ncam2
Kifc3,NA,Gpr137b,Mup4,Aoah,Asgr1,Arhgef25,Aspg,Lnx2,Neurl2
Lag3,NA,Gpx1,Mup5,Aoc1,Asgr2,Arhgef28,Ass1,LOC100361444,Nfyb
Lamb3,NA,Gsta1,Nat8,Apaf1,Asl,Arhgef9,Atg9a,LOC680254,Nme3
Leap2,NA,Gsta3,Nhlrc1,Apbb1,Aspdh,Arid3a,Atp13a5,LOC691083,Noct
Limk2,NA,Gstk1,Nme6,Apbb1ip,Aspg,Arid5a,Atp2c1,Lrp5,Nr1i2
Lingo4,NA,Gstm1,Nox4,Apln,Ass1,Arl10,Atp5e,Map7d1,Nr1i3
LOC100361444,NA,Gstt1,Nsmf,Aplnr,Astn2,Arl4c,Atrn,Mapk4,Nrep
LOC367975,NA,H2afy2,Nup98,App,Atg9a,Arl5c,Auh,Mapk9,Nxt2
LOC502176,NA,Hcn3,Nxt2,Appl2,Atp2c1,Armc6,Avpr1a,Mbp,Omd
LOC688335,NA,Herc3,Oaf,Aqp4,Atp6ap1l,Arrb1,Azgp1,Med12l,Paqr7
LOC691083,NA,Hfe2,Onecut1,Aqp7,Atp7b,Art4,Baat,Mical2,Pck1
Lonrf3,NA,Hibch,Pcdh7,Arap2,Auh,Artn,Bach1,Mid1ip1,Pde6c
Lrp5,NA,Hist1h2bh,Pde3b,Arf2,Azgp1,Asns,Bank1,Mir3577,Pdgfa
Lrrc20,NA,Hist1h4b,Pde4b,Arfgap3,B3gnt5,Aspn,Banp,Mmp8,Pfkfb1
Lrtm2,NA,Hnf4g,Pdp2,Arg2,B4galnt1,Atf3,Batf3,Mycl,Phlpp2
Ltbp4,NA,Hs6st2,Pja1,Arhgap10,Baat,Atf4,Bcar1,Naprt1,Phtf1
Mab21l3,NA,Hsd17b6,Pla2g12a,Arhgap11a,Bace1,Atf7ip2,Bco2,Ncr3,Phyh
Manea,NA,Hspa4l,Plcxd2,Arhgap22,Bank1,Atp10a,Blk,Nme1,Pigc
Mast3,NA,Ifi27l2b,Plekhb1,Arhgap28,Bcan,Atp1a3,Blvrb,Nrg1,Pik3c3
Mbp,NA,Ikbke,Pnpla7,Arhgdia,Bcar3,Atp1b2,Bmp2,Nuak1,Pink1
Mettl7b,NA,Il36b,Prelid2,Arhgef19,Bcat2,Atp2b4,Bnip3,Nxn,Plcxd2
Mgat4b,NA,Inhba,Prex2,Arhgef28,Bdh1,Atp6v1b2,Bola1,Orm1,Por
Mgll,NA,Inhbe,Prkab1,Arhgef9,Best3,Atp6v1d,C1qa,Otub2,Pou3f1
Mgst3,NA,Iyd,Prrg1,Arid3a,Blk,B3galnt1,C1qb,P2rx5,Ppara
Micu3,NA,Jade2,Ptger3,Arid5a,Blvrb,B3galt5,C1qc,P2ry2,Ppp4r4
Mid1ip1,NA,Jakmip2,Ptpn13,Arl10,Bmf,B4galnt4,C6,Pak1,Prelid2
Mir22,NA,Jund,Pus7,Arl11,Bsn,B4galt1,C8b,Parvb,Prrg1
Mocos,NA,Kank1,Pxylp1,Arl4a,Bspry,B4galt4,Cacna1d,Pcolce,Ptp4a1
Mxd4,NA,Kank2,Pzp,Arl4c,Btla,B4galt6,Cadm4,Pcsk6,Ptpn13
Mycl,NA,Kcnn2,Qsox1,Arl4d,C1qa,Basp1,Camk2n1,Pdlim4,Ptprh
Nabp1,NA,Kifc3,Ren,Arl6,C1qb,Bbs7,Car1,Perp,Pus7
Nav2,NA,Krt23,RGD1564804,Arl8a,C1qc,Bcam,Car14,Pgd,Pyroxd1
Ntf3,NA,Lamb3,Rgs3,Armc6,C1qtnf3,Bcar3,Car3,Phactr2,Rbbp4
Obp1f,NA,Leap2,Rgsl2h,Armcx2,C1rl,Bcat1,Casp6,Plbd1,Rcan2
Olr59,NA,Lhx8,Rhbdf1,Arntl,C2cd2l,Bcl11b,Cat,Plxna2,RGD1308706
Oplah,NA,Lilrb4,Rnf144b,Arrdc1,C8a,Bcl2,Cbs,Ppp2r1b,RGD1559600
Ormdl3,NA,Lin37,Sat2,Arrdc4,C8b,Bcl2a1,Ccbl2,Prg4,RGD1564804
Otub2,NA,Lnx2,Sds,Arse,Cabp1,Bdkrb2,Ccdc117,Prlr,Rgn
P2rx5,NA,LOC100361444,Serpina3c,Asah2,Cabp5,Bdnf,Ccdc126,Prss32,Rgs3
P2ry1,NA,LOC100363193,Slc1a3,Asb5,Cacna1d,Bend5,Ccdc148,Psat1,Rhbdd2
Paqr7,NA,LOC498836,Slc29a4,Asns,Camk2n1,Bgn,Ccdc152,Psen2,Rhobtb1
Pdgfa,NA,LOC691083,Slc2a1,Aspm,Capn11,Bhlhb9,Ccdc28b,Ptk2b,Rnd2
Per2,NA,Lonrf3,Slc30a3,Atcay,Car3,Bhlhe22,Ccl5,Ptk6,Rnf186
Perp,NA,Lpar6,Slc41a1,Atf3,Casp6,Bicc1,Ccl6,Rab38,Ror2
Pgm1,NA,Lrrc19,Slc44a4,Atf4,Casr,Bicd1,Cd163,Rarb,RT1-CE16
Pnliprp2,NA,Lrtm2,Slc46a1,Atic,Cat,Birc3,Cd200r1,Rassf6,Rundc3b
Ppp1r10,NA,Mbp,Slc6a12,Atp10a,Cbs,Bmp4,Cd22,Reep6,Sat2
Ppp1r3b,NA,Mcf2l,Slc7a2,Atp1a3,Cbx2,Bmp7,Cd302,Rfx6,Sds
Prss32,NA,Med12l,Smagp,Atp2b4,Cbx7,Bmx,Cd320,RGD1304694,Sgms1
Prtg,NA,Megf9,Smo,Aurkb,Ccbl1,Bnc2,Cd38,RGD1304810,Sidt1
Ptms,NA,Mgmt,Sntb2,B3galnt1,Ccbl2,Bok,Cd4,RGD1305464,Slc12a3
Ptprn,NA,Mical2,Socs2,B3gnt2,Ccdc126,Bscl2,Cd5l,RGD1309079,Slc16a12
Ptprs,NA,Micalcl,Spry1,B4galt5,Ccdc152,Bspry,Cd81,RGD1311739,Slc17a2
Qdpr,NA,Mid1ip1,Srsf3,B4galt6,Ccdc28b,Btg3,Cda,RGD1565355,Slc25a22
Rab40b,NA,Mif,Sult1c2,Basp1,Ccl26,C2cd5,Cdc42bpg,Rnf11l1,Slc25a29
Rcan1,NA,Mk1,Sult1c2a,Batf,Ccl5,C5ar1,Cdip1,Rnpepl1,Slc25a33
Reep6,NA,Mocos,Sult1c3,Bbs7,Ccl6,Cacna1c,Cdo1,Rp1,Slc43a1
RGD1309534,NA,Mok,Sult2a1,Bcat1,Ccnf,Cacna2d1,Cebpb,Rpa1,Slc46a1
RGD1309676,NA,Msl3l2,Tacr1,Bcl10,Cd163,Cadm1,Cecr2,Rpia,Slc7a10
Rhob,NA,Mybl1,Tenm2,Bcl2,Cd19,Cadps,Cend1,S100a8,Slc9a7
Rhobtb1,NA,Mybl2,Terc,Bcl2a1,Cd22,Camk2d,Cep85l,S100a9,Spata25
Ripk4,NA,Mybph,Tfcp2,Bgn,Cd274,Camk2g,Ces1c,Scd2,Spice1
Rnf181,NA,Mycl,Tmem144,Bicc1,Cd302,Camkk2,Ces1d,Secisbp2l,Srsf4
Sardh,NA,Nme1,Tmem163,Bicd2,Cd5l,Cand2,Ces1e,Sgk2,Stac3
Scd1,NA,Nrg1,Tpst1,Bin1,Cd7,Cap2,Cfd,Slc39a4,Stag1
Sgcb,NA,Nuak1,Tspan12,Birc3,Cd74,Capg,Cfhr1,Slc7a5,Stim2
Shroom3,NA,Nudt7,Uap1l1,Birc5,Cd79b,Capn2,Cfp,Slco3a1,Stxbp5l
Slc10a2,NA,Nup62,Ush2a,Blnk,Cdip1,Capn5,Cgrrf1,Smtnl2,Sult1c2
Slc13a4,NA,Olr57,Wdsub1,Bmp7,Cdk2ap2,Car12,Chdh,Sntb1,Sult1c2a
Slc16a13,NA,Otub2,Wsb1,Bmper,Cdkn1c,Car13,Chrna5,Snx12,Syt2
Slc22a4,NA,P2rx5,Xbp1,Bok,Cdo1,Car2,Cib2,Sorcs2,Tcp1
Slc25a10,NA,Pak1,Xk,Bst1,Cebpa,Card10,Cited2,Spsb4,Tef
Slc2a5,NA,Paqr3,Zdhhc23,Btbd10,Cecr2,Cars,Cks1b,Srd5a1,Tgm1
Slc35d1,NA,Parp16,Zfp275,Btbd3,Celsr2,Casc4,Clcn2,Stx2,Thumpd1
Slc39a4,NA,Pax8,Zfp37,Btc,Cep295,Casp3,Cldn3,Stxbp1,Timeless
Slc41a2,NA,Pbk,NA,Btg1,Ces1c,Cass4,Clec1b,Sult2a6,Tmem144
Slco2a1,NA,Perp,NA,Btg2,Ces1d,Cav1,Clec2l,Sult4a1,Tmem163
Spink1,NA,Pex11a,NA,Btg3,Ces1e,Cbr1,Clec4f,Svil,Tppp
Spink3,NA,Pgam1,NA,Bub1b,Ces2e,Cbx3,Clec9a,Synj2,Tpst1
Spry4,NA,Pgd,NA,Bysl,Ces2h,Ccdc120,Clk4,Tcirg1,Ucma
Sri,NA,Pgk1,NA,C1qtnf5,Cfd,Ccdc146,Clmn,Tfpi,Ugt2b
St8sia3,NA,Pgpep1,NA,C1qtnf6,Cfhr1,Cchcr1,Cml2,Tjp3,Upp2
Stk40,NA,Pir,NA,C2cd5,Cfp,Ccl12,Cml5,Tlr1,Usp2
Stx2,NA,Plbd1,NA,C5ar1,Cgrrf1,Ccl2,Cndp1,Tm6sf2,Wdsub1
Sult1a1,NA,Plin2,NA,Cab39,Chac2,Ccl21,Cntfr,Tm7sf3,Wee1
Sult1b1,NA,Plin5,NA,Cables1,Chdh,Ccl3,Coch,Tmcc3,Xbp1
Tas1r1,NA,Plxna2,NA,Cacna1c,Chodl,Ccl4,Col13a1,Tmem140,Xk
Tcea3,NA,Pnpla5,NA,Cacnb1,Ciart,Ccl7,Col4a3,Tmem170a,Zdhhc1
Tecr,NA,Pnrc1,NA,Camk2d,Cideb,Ccne1,Colec10,Tmem176a,Zdhhc23
Thnsl2,NA,Ppp1r3b,NA,Capg,Ciita,Ccng1,Coq10b,Tmem176b,Zfp354a
Thrsp,NA,Ppp2r1b,NA,Capn1,Clcn2,Ccr1,Corin,Tmem179,Zfp37
Tjp3,NA,Prkca,NA,Capn2,Cldn3,Cd2,Cox7a2,Tmem252,NA
Tmem110,NA,Prkci,NA,Car13,Clec4f,Cd200,Cox7b,Tmem97,NA
Tmem25,NA,Psat1,NA,Car2,Clic2,Cd24,Cpamd8,Tmie,NA
Trpv6,NA,Ptk2b,NA,Card10,Clk4,Cd276,Cpq,Tnfrsf1b,NA
Tsc22d1,NA,Ptprt,NA,Cars,Clmn,Cd34,Cps1,Tnfrsf9,NA
Tsku,NA,Ralyl,NA,Casc5,Cmah,Cd36,Crebrf,Trim24,NA
Ttc21b,NA,Reep6,NA,Casp4,Cml1,Cd3d,Crem,Tspan14,NA
Ttc36,NA,RGD1305464,NA,Cass4,Cml2,Cd3e,Crp,Tspo,NA
Ttll3,NA,RGD1306151,NA,Cbfa2t3,Cml5,Cd40,Cry1,Ttc39a,NA
Ugt2b17,NA,RGD1309676,NA,Cblc,Cnr1,Cd44,Cryl1,Tubb2a,NA
Vangl1,NA,RGD1311756,NA,Ccdc112,Cntfr,Cd5,Crym,Tubb2b,NA
Vwce,NA,RGD1560010,NA,Ccdc120,Coch,Cd55,Csf1r,Ulk1,NA
Wdr6,NA,RGD1561849,NA,Ccdc19,Col4a3,Cd6,Csrnp3,Vsig10,NA
Wfdc21,NA,RGD1562136,NA,Ccdc64,Comt,Cd83,Ctbs,Wdr91,NA
NA,NA,RGD1565355,NA,Ccdc68,Cops5,Cd9,Ctla2a,Wfdc21,NA
NA,NA,RGD1565616,NA,Ccdc8,Coq10a,Cdc14a,Ctnnbip1,Ypel2,NA
NA,NA,Rgs16,NA,Ccdc92,Cox16,Cdc25a,Ctsa,Zfp385a,NA
NA,NA,Rgs7,NA,Cchcr1,Cox6c,Cdc42ep1,Ctsf,NA,NA
NA,NA,Rhob,NA,Ccl12,Cpamd8,Cdc42ep5,Ctss,NA,NA
NA,NA,Rnf11l1,NA,Ccl2,Cpb2,Cdc42se1,Cxcl12,NA,NA
NA,NA,Rp1,NA,Ccl21,Cpn1,Cdc42se2,Cyb5a,NA,NA
NA,NA,Rpa1,NA,Ccl3,Cpq,Cdc6,Cyb5d2,NA,NA
NA,NA,Rrm2b,NA,Ccl4,Cps1,Cdcp1,Cyb5r3,NA,NA
NA,NA,Rtn4,NA,Ccl7,Cr2,Cdh11,Cyp27a1,NA,NA
NA,NA,Scd1,NA,Ccna2,Creg1,Cdh13,Cyp2a2,NA,NA
NA,NA,Scly,NA,Ccne1,Crp,Cdh3,Cyp2b3,NA,NA
NA,NA,Sdr16c6,NA,Ccng1,Cry2,Cdh6,Cyp2c11,NA,NA
NA,NA,Sesn3,NA,Ccr1,Crym,Cdk14,Cyp2c13,NA,NA
NA,NA,Sh3bgrl2,NA,Ccrl2,Ctla2a,Cdkl2,Cyp2c23,NA,NA
NA,NA,Slc17a3,NA,Cd14,Ctnnd2,Cdkn2b,Cyp2d1,NA,NA
NA,NA,Slc25a47,NA,Cd151,Ctsa,Cdt1,Cyp2d2,NA,NA
NA,NA,Slc39a4,NA,Cd200,Ctsc,Ceacam20,Cyp2d3,NA,NA
NA,NA,Slc45a3,NA,Cd24,Ctse,Cel,Cyp2d4,NA,NA
NA,NA,Sntb1,NA,Cd276,Cxcl12,Cela1,Cyp2d5,NA,NA
NA,NA,Snx12,NA,Cd2ap,Cyb5a,Cela2a,Cyp2f4,NA,NA
NA,NA,Spsb4,NA,Cd300e,Cyp1a2,Cela3b,Cyp2j3,NA,NA
NA,NA,Sri,NA,Cd300lb,Cyp27a1,Celf5,Cyp2j4,NA,NA
NA,NA,Stk24,NA,Cd36,Cyp2b3,Cers5,Cyp2t1,NA,NA
NA,NA,Stx2,NA,Cd3eap,Cyp2c11,Ces2a,Cyp39a1,NA,NA
NA,NA,Stxbp1,NA,Cd44,Cyp2c23,Ces2c,Cyp3a18,NA,NA
NA,NA,Sult2a2,NA,Cd53,Cyp2c7,Ces2j,Cyp3a2,NA,NA
NA,NA,Sult2a6,NA,Cd55,Cyp2d1,Cfap52,Cyp3a23/3a1,NA,NA
NA,NA,Sult2b1,NA,Cd63,Cyp2d2,Cftr,Cyp3a9,NA,NA
NA,NA,Svil,NA,Cd84,Cyp2d3,Cgref1,Cyp4a2,NA,NA
NA,NA,Tcea3,NA,Cd8a,Cyp2d4,Ch25h,Cyp4a8,NA,NA
NA,NA,Tcf7l1,NA,Cd8b,Cyp2e1,Chi3l1,Cyp4f1,NA,NA
NA,NA,Tex36,NA,Cd9,Cyp2f4,Chp2,Cyp4f4,NA,NA
NA,NA,Tf,NA,Cd93,Cyp2j3,Chpf,Cyp4v3,NA,NA
NA,NA,Tgm2,NA,Cdc25a,Cyp2t1,Chrm3,Cyp7b1,NA,NA
NA,NA,Thbs4,NA,Cdc42ep1,Cyp3a18,Chst1,Dab1,NA,NA
NA,NA,Tjp3,NA,Cdc42ep2,Cyp3a2,Chst9,Dbt,NA,NA
NA,NA,Tk1,NA,Cdc42ep5,Cyp3a9,Cidea,Dcaf11,NA,NA
NA,NA,Tkfc,NA,Cdc42se1,Cyp4f1,Cited1,Dcaf13,NA,NA
NA,NA,Tkt,NA,Cdc42se2,Cyp4f4,Clca2,Dcxr,NA,NA
NA,NA,Tmcc3,NA,Cdc7,Cyp4f6,Clca4,Ddi2,NA,NA
NA,NA,Tmem252,NA,Cdca2,Dab1,Clca4l,Ddt,NA,NA
NA,NA,Tmem97,NA,Cdca7,Dao,Clcf1,Ddx3,NA,NA
NA,NA,Tmie,NA,Cdca8,Dbp,Cldn4,Dexi,NA,NA
NA,NA,Tp53i3,NA,Cdh13,Dcaf11,Cldn5,Dhrs7,NA,NA
NA,NA,Trpm2,NA,Cdh3,Dctpp1,Cldn6,Dhtkd1,NA,NA
NA,NA,Tsc22d1,NA,Cdk14,Dcxr,Cldn7,Dnajc28,NA,NA
NA,NA,Tyms,NA,Cdk6,Ddah1,Cldn8,Dnase1l3,NA,NA
NA,NA,Unc5c,NA,Cdkl2,Ddi2,Clec4e,Dpp6,NA,NA
NA,NA,Unc5cl,NA,Cdkl3,Ddo,Clec5a,Dpt,NA,NA
NA,NA,Usp29,NA,Cdkn2b,Defb27,Clec7a,Dpy19l3,NA,NA
NA,NA,Ykt6,NA,Cdkn3,Dffb,Clic1,Dpyd,NA,NA
NA,NA,Ypel2,NA,Cdr2,Dgka,Clic5,Dpys,NA,NA
NA,NA,Zdhhc2,NA,Cdt1,Dgkq,Clip2,Dusp1,NA,NA
NA,NA,NA,NA,Cdyl2,Dhrs3,Clstn2,Dusp14,NA,NA
NA,NA,NA,NA,Cebpb,Dhrs4,Cnksr1,Dusp26,NA,NA
NA,NA,NA,NA,Cebpd,Dhtkd1,Cnn1,Ebp,NA,NA
NA,NA,NA,NA,Cenpi,Dio1,Cnp,Echdc3,NA,NA
NA,NA,NA,NA,Cenpn,Dmtn,Cntnap1,Echs1,NA,NA
NA,NA,NA,NA,Cep55,Dnaja1,Col15a1,Eci3,NA,NA
NA,NA,NA,NA,Cep76,Dnajc18,Col16a1,Ecm1,NA,NA
NA,NA,NA,NA,Cerk,Dnajc28,Col4a1,Edem1,NA,NA
NA,NA,NA,NA,Ces2c,Dpm1,Col5a1,Ednra,NA,NA
NA,NA,NA,NA,Ces4a,Dpy19l3,Col5a2,Efna5,NA,NA
NA,NA,NA,NA,Cfap52,Dpyd,Col5a3,Egfr,NA,NA
NA,NA,NA,NA,Cfl1,Dpys,Col8a1,Ehd3,NA,NA
NA,NA,NA,NA,Cftr,Dusp14,Colec12,Eif2s3y,NA,NA
NA,NA,NA,NA,Cgref1,Dynlt3,Coprs,Eif4ebp3,NA,NA
NA,NA,NA,NA,Ch25h,Ebp,Coro1a,Elmod3,NA,NA
NA,NA,NA,NA,Chac1,Eci3,Coro1c,Emid1,NA,NA
NA,NA,NA,NA,Chchd4,Edar,Coro2a,Emr4,NA,NA
NA,NA,NA,NA,Chi3l1,Ednra,Coro6,Endog,NA,NA
NA,NA,NA,NA,Chka,Eef2k,Cotl1,Enpep,NA,NA
NA,NA,NA,NA,Chrna2,Efcab3,Cpa1,Enpp1,NA,NA
NA,NA,NA,NA,Chrnb1,Efna5,Cpa2,Enpp2,NA,NA
NA,NA,NA,NA,Chst1,Egf,Cpa6,Enpp3,NA,NA
NA,NA,NA,NA,Chst12,Egfr,Cpb1,Epha3,NA,NA
NA,NA,NA,NA,Chst14,Eif4ebp2,Cpe,Eqtn,NA,NA
NA,NA,NA,NA,Cidea,Elovl2,Cpne2,Eri2,NA,NA
NA,NA,NA,NA,Cidec,Emcn,Cpne7,Erlin1,NA,NA
NA,NA,NA,NA,Ckap2,Eml5,Cr2,Errfi1,NA,NA
NA,NA,NA,NA,Ckap4,Enpep,Creb3l4,Esd,NA,NA
NA,NA,NA,NA,Clca4l,Enpp1,Creb5,Esrrg,NA,NA
NA,NA,NA,NA,Clcf1,Enpp2,Crip1,Exosc5,NA,NA
NA,NA,NA,NA,Clcn6,Epb41l1,Crispld2,F11,NA,NA
NA,NA,NA,NA,Cldn4,Epb41l4b,Crlf1,F13b,NA,NA
NA,NA,NA,NA,Cldn6,Epm2aip1,Crocc,F2,NA,NA
NA,NA,NA,NA,Clec11a,Erbb3,Cryab,F9,NA,NA
NA,NA,NA,NA,Clec2l,Erlin1,Csf1,Faah,NA,NA
NA,NA,NA,NA,Clec4e,Esd,Csf3r,Fabp7,NA,NA
NA,NA,NA,NA,Clec5a,Etnk2,Csnk1e,Fah,NA,NA
NA,NA,NA,NA,Clec7a,Extl1,Cspg4,Fam126b,NA,NA
NA,NA,NA,NA,Clic1,F10,Csrnp2,Fam213a,NA,NA
NA,NA,NA,NA,Clip1,F11,Cst3,Fam217a,NA,NA
NA,NA,NA,NA,Clip2,Faah,Ctps1,Fam46a,NA,NA
NA,NA,NA,NA,Clpx,Fabp1,Ctrc,Fam55b,NA,NA
NA,NA,NA,NA,Clspn,Fabp7,Ctrl,Fam98c,NA,NA
NA,NA,NA,NA,Clstn3,Fads6,Cttnbp2,Fastkd3,NA,NA
NA,NA,NA,NA,Clu,Fah,Cubn,Fbxo31,NA,NA
NA,NA,NA,NA,Cmpk2,Fahd1,Cuzd1,Fcna,NA,NA
NA,NA,NA,NA,Cnksr1,Fam117b,Cx3cl1,Fdft1,NA,NA
NA,NA,NA,NA,Cnksr3,Fam126b,Cx3cr1,Fetub,NA,NA
NA,NA,NA,NA,Cnp,Fam162a,Cxcl1,Fgd2,NA,NA
NA,NA,NA,NA,Cntnap1,Fam20c,Cxcl10,Fh,NA,NA
NA,NA,NA,NA,Col11a1,Fam55b,Cxcl16,Fkbp8,NA,NA
NA,NA,NA,NA,Col15a1,Fbp1,Cxcl6,Fmo3,NA,NA
NA,NA,NA,NA,Col16a1,Fbxo21,Cxcl9,Fmo4,NA,NA
NA,NA,NA,NA,Col1a1,Fcer2,Cxcr2,Fmo5,NA,NA
NA,NA,NA,NA,Col1a2,Fcmr,Cyfip2,Foxa1,NA,NA
NA,NA,NA,NA,Col3a1,Fcna,Cygb,Foxo1,NA,NA
NA,NA,NA,NA,Col4a1,Fech,Cyp17a1,Foxo3,NA,NA
NA,NA,NA,NA,Col5a1,Fetub,Cyp26a1,Fras1,NA,NA
NA,NA,NA,NA,Col5a2,Fh,Cyp2c12,Ftcd,NA,NA
NA,NA,NA,NA,Col5a3,Flcn,Cyp2c24,Fzd1,NA,NA
NA,NA,NA,NA,Col6a2,Flrt1,Cyp2j10,G6pc,NA,NA
NA,NA,NA,NA,Col8a1,Flt3,Cyp3a62,Gadd45g,NA,NA
NA,NA,NA,NA,Colec12,Fmo1,Cys1,Ganc,NA,NA
NA,NA,NA,NA,Coro1a,Fmo3,Cyyr1,Gc,NA,NA
NA,NA,NA,NA,Coro1c,Fn1,Dact3,Gcat,NA,NA
NA,NA,NA,NA,Coro2a,Fn3k,Dag1,Gcdh,NA,NA
NA,NA,NA,NA,Coro6,Fnip2,Dbn1,Gch1,NA,NA
NA,NA,NA,NA,Cotl1,Folh1,Dcakd,Gchfr,NA,NA
NA,NA,NA,NA,Cpa6,Fpgs,Dcbld2,Gcnt2,NA,NA
NA,NA,NA,NA,Cpne2,Fyb,Dcdc2,Gcsh,NA,NA
NA,NA,NA,NA,Cpt1b,Fzd5,Dclk1,Gdpd1,NA,NA
NA,NA,NA,NA,Cpxm1,Fzd8,Dclk3,Gemin6,NA,NA
NA,NA,NA,NA,Cpxm2,G6pc,Dcn,Gfra1,NA,NA
NA,NA,NA,NA,Cpz,Gaa,Ddah2,Ghdc,NA,NA
NA,NA,NA,NA,Creb3,Gab1,Ddit3,Gimd1,NA,NA
NA,NA,NA,NA,Creb5,Galm,Ddit4l2,Gjb1,NA,NA
NA,NA,NA,NA,Crlf1,Galnt11,Degs2,Gls2,NA,NA
NA,NA,NA,NA,Crot,Galnt9,Dennd2c,Gltpd2,NA,NA
NA,NA,NA,NA,Crtap,Gcat,Depdc5,Glyat,NA,NA
NA,NA,NA,NA,Cryab,Gcdh,Des,Glyatl1,NA,NA
NA,NA,NA,NA,Csf1,Gch1,Dhdds,Glyatl2,NA,NA
NA,NA,NA,NA,Csf2rb,Gclm,Dkk3,Gnmt,NA,NA
NA,NA,NA,NA,Csmd1,Gcsh,Dkk4,Got1,NA,NA
NA,NA,NA,NA,Csn3,Gde1,Dmbt1,Gpld1,NA,NA
NA,NA,NA,NA,Csnk1e,Gjb1,Dmrta1,Gpr146,NA,NA
NA,NA,NA,NA,Cstf2,Gls2,Dnajb7,Gpr19,NA,NA
NA,NA,NA,NA,Ctf1,Gltpd2,Dnajc27,Gpr31,NA,NA
NA,NA,NA,NA,Ctgf,Glyat,Dnm1,Gpr68,NA,NA
NA,NA,NA,NA,Cthrc1,Glyatl1,Dock6,Gpt,NA,NA
NA,NA,NA,NA,Ctps1,Glyatl2,Dok2,Grhpr,NA,NA
NA,NA,NA,NA,Ctsk,Glyctk,Dpep1,Gria2,NA,NA
NA,NA,NA,NA,Cttn,Gne,Dph1,Gstm1,NA,NA
NA,NA,NA,NA,Cttnbp2nl,Gnpnat1,Dph6,Gstm2,NA,NA
NA,NA,NA,NA,Cubn,Got1,Dpysl2,Gstm7,NA,NA
NA,NA,NA,NA,Cx3cl1,Gpc4,Dscc1,Gstt2,NA,NA
NA,NA,NA,NA,Cx3cr1,Gpld1,Dtx3,Gstz1,NA,NA
NA,NA,NA,NA,Cxadr,Gpm6a,Duox2,Gucd1,NA,NA
NA,NA,NA,NA,Cxcl1,Gpr146,Dupd1,Gzma,NA,NA
NA,NA,NA,NA,Cxcl10,Gpr155,Dusp18,H6pd,NA,NA
NA,NA,NA,NA,Cxcl14,Gpr31,Dusp2,Habp2,NA,NA
NA,NA,NA,NA,Cxcl16,Gpr81,Dync2li1,Hacl1,NA,NA
NA,NA,NA,NA,Cxcl2,Gprc5c,Dynlt1,Hagh,NA,NA
NA,NA,NA,NA,Cxcl6,Gpt,Dzip1l,Hal,NA,NA
NA,NA,NA,NA,Cxcr2,Gramd1c,Ear11,Hao1,NA,NA
NA,NA,NA,NA,Cxcr4,Grb7,Ebf1,Hao2,NA,NA
NA,NA,NA,NA,Cyfip2,Grhpr,Ece2,Hba2,NA,NA
NA,NA,NA,NA,Cygb,Gsta2,Eci1,Hells,NA,NA
NA,NA,NA,NA,Cyp17a1,Gstm6,Edn1,Hes6,NA,NA
NA,NA,NA,NA,Cyp1b1,Gstt3,Ednrb,Hfe,NA,NA
NA,NA,NA,NA,Cyp26a1,Gstz1,Efcc1,Hhip,NA,NA
NA,NA,NA,NA,Cyp26b1,Gucy1b2,Efemp2,Hibadh,NA,NA
NA,NA,NA,NA,Cyp2b1,Gys2,Efhc2,Hist1h1d,NA,NA
NA,NA,NA,NA,Cyp2b2,Gzma,Efhd1,Hoga1,NA,NA
NA,NA,NA,NA,Cyp2c22,Habp2,Efna4,Hook1,NA,NA
NA,NA,NA,NA,Cyp2c24,Hacl1,Egln3,Hpd,NA,NA
NA,NA,NA,NA,Cyp2j10,Hagh,Egr2,Hpgds,NA,NA
NA,NA,NA,NA,Cyp2s1,Hal,Egr3,Hpn,NA,NA
NA,NA,NA,NA,Cyp4f17,Hao1,Ehd2,Hrc,NA,NA
NA,NA,NA,NA,Cyp4f5,Hao2,Ehd4,Hrg,NA,NA
NA,NA,NA,NA,Cyr61,Hdhd3,Ehf,Hrsp12,NA,NA
NA,NA,NA,NA,Dact2,Hells,Eif1ax,Hs3st3a1,NA,NA
NA,NA,NA,NA,Dag1,Hes6,Eif2s3x,Hs3st3b1,NA,NA
NA,NA,NA,NA,Dagla,Hexdc,Elf3,Hs3st6,NA,NA
NA,NA,NA,NA,Dapk1,Hgd,Eln,Hsd17b10,NA,NA
NA,NA,NA,NA,Dbn1,Hhip,Elovl6,Hsd17b11,NA,NA
NA,NA,NA,NA,Dcakd,Hint2,Elovl7,Hsd17b12,NA,NA
NA,NA,NA,NA,Dcbld2,Hist1h1d,Emp1,Hsd17b13,NA,NA
NA,NA,NA,NA,Dclk1,Hist2h2ab,Emp2,Hsd3b5,NA,NA
NA,NA,NA,NA,Dcn,Hmox2,Emp3,Hsd3b6,NA,NA
NA,NA,NA,NA,Dcun1d3,Hpd,Enpp4,Hspb11,NA,NA
NA,NA,NA,NA,Ddhd1,Hpgds,Enpp5,Hyal2,NA,NA
NA,NA,NA,NA,Ddit3,Hpn,Epcam,Ifi27,NA,NA
NA,NA,NA,NA,Ddit4,Hps4,Epha4,Igf1,NA,NA
NA,NA,NA,NA,Ddit4l2,Hrc,Ephb2,Igfals,NA,NA
NA,NA,NA,NA,Ddr2,Hrsp12,Ephb3,Igfbp1,NA,NA
NA,NA,NA,NA,Ddx21,Hs3st3b1,Epn3,Il10,NA,NA
NA,NA,NA,NA,Dennd2c,Hs3st6,Eps8l1,Il1a,NA,NA
NA,NA,NA,NA,Dennd2d,Hsd17b10,Erbb2,Il1b,NA,NA
NA,NA,NA,NA,Depdc1b,Hsd17b11,Erp27,Il1rap,NA,NA
NA,NA,NA,NA,Des,Hsd17b14,Espl1,Il6r,NA,NA
NA,NA,NA,NA,Dhdds,Hsd17b2,Esrp1,Il6st,NA,NA
NA,NA,NA,NA,Dhx33,Hspb6,Ets2,Ing1,NA,NA
NA,NA,NA,NA,Diaph3,Htra1,Evc2,Inmt,NA,NA
NA,NA,NA,NA,Dio3,Hyal1,Evpl,Insig1,NA,NA
NA,NA,NA,NA,Disp1,Hykk,Ezr,Ip6k2,NA,NA
NA,NA,NA,NA,Dixdc1,Icam5,F2r,Irf2bpl,NA,NA
NA,NA,NA,NA,Dkk3,Id4,F2rl1,Irs1,NA,NA
NA,NA,NA,NA,Dlgap5,Idh1,F3,Irs2,NA,NA
NA,NA,NA,NA,Dmbt1,Iffo1,Fabp2,Irx5,NA,NA
NA,NA,NA,NA,Dmrtc2,Igf1,Fabp4,Itch,NA,NA
NA,NA,NA,NA,Dnajc5b,Igfals,Fads3,Itgb1bp2,NA,NA
NA,NA,NA,NA,Dnmt3b,Igfbp2,Fam101b,Itih1,NA,NA
NA,NA,NA,NA,Dos,Igfbp4,Fam107a,Itpr2,NA,NA
NA,NA,NA,NA,Dph1,Igsf5,Fam109b,Ivd,NA,NA
NA,NA,NA,NA,Dph5,Ihh,Fam118a,Ivns1abp,NA,NA
NA,NA,NA,NA,Dpp7,Il12b,Fam129a,Iyd,NA,NA
NA,NA,NA,NA,Dpysl2,Il1rap,Fam129b,Jakmip2,NA,NA
NA,NA,NA,NA,Dpysl3,Il31ra,Fam129c,Jph3,NA,NA
NA,NA,NA,NA,Dram1,Il33,Fam131b,Kcna2,NA,NA
NA,NA,NA,NA,Dtx4,Il6r,Fam198b,Kcnh1,NA,NA
NA,NA,NA,NA,Dupd1,Inmt,Fam26f,Kcnj16,NA,NA
NA,NA,NA,NA,Dus4l,Inpp5b,Fam3c,Kcnk3,NA,NA
NA,NA,NA,NA,Dusp1,Iqub,Fam83f,Khk,NA,NA
NA,NA,NA,NA,Dusp10,Irs1,Fam84a,Klf15,NA,NA
NA,NA,NA,NA,Dusp16,Irx1,Fam89a,Klf9,NA,NA
NA,NA,NA,NA,Dusp2,Itga7,Fas,Klhl7,NA,NA
NA,NA,NA,NA,Dusp22,Itpr2,Fat1,Klkb1,NA,NA
NA,NA,NA,NA,Dusp3,Ivd,Fblim1,Klri1,NA,NA
NA,NA,NA,NA,Dusp7,Jade1,Fbln1,Kmo,NA,NA
NA,NA,NA,NA,Dusp8,Kcna2,Fbln5,Lace1,NA,NA
NA,NA,NA,NA,Dynlt1,Kcnd3,Fbn1,Ldhd,NA,NA
NA,NA,NA,NA,Dzip1l,Kcnh1,Fbxo6,Lgr4,NA,NA
NA,NA,NA,NA,Ear11,Kcnj5,Fbxw17,Lgsn,NA,NA
NA,NA,NA,NA,Ebi3,Kcnk2,Fcgbp,Lhx6,NA,NA
NA,NA,NA,NA,Ect2,Kcnk3,Fchsd1,Lilra5,NA,NA
NA,NA,NA,NA,Edn1,Kctd6,Fcmr,Lin7a,NA,NA
NA,NA,NA,NA,Ednrb,Kdr,Fcnb,Lipc,NA,NA
NA,NA,NA,NA,Efcab1,Klf12,Fermt1,LOC100125368,NA,NA
NA,NA,NA,NA,Efemp2,Klf15,Fgd6,LOC100360095,NA,NA
NA,NA,NA,NA,Efs,Klf9,Fgf21,LOC100362690,NA,NA
NA,NA,NA,NA,Egln3,Klhl24,Fgf23,LOC100365773,NA,NA
NA,NA,NA,NA,Egr1,Klkb1,Fgfr2,LOC102723236,NA,NA
NA,NA,NA,NA,Egr2,Klrd1,Fhdc1,LOC259244,NA,NA
NA,NA,NA,NA,Ehd2,Klrg1,Fhl1,LOC287167,NA,NA
NA,NA,NA,NA,Ehd4,Klri1,Fhl2,LOC298111,NA,NA
NA,NA,NA,NA,Eif2b2,Kmo,Fhl3,LOC299282,NA,NA
NA,NA,NA,NA,Eif2b3,Lace1,Figf,LOC497899,NA,NA
NA,NA,NA,NA,Eif4ebp1,Lactb2,Filip1,LOC499602,NA,NA
NA,NA,NA,NA,Elavl2,Lair1,Fjx1,LOC500124,NA,NA
NA,NA,NA,NA,Elf3,Lamc3,Fkbp10,LOC500300,NA,NA
NA,NA,NA,NA,Eln,Lamp2,Fkbp11,LOC680200,NA,NA
NA,NA,NA,NA,Elovl6,Lax1,Flna,LOC685157,NA,NA
NA,NA,NA,NA,Emb,Lcat,Flnb,LOC685406,NA,NA
NA,NA,NA,NA,Emp1,Lcn12,Flnc,LOC689064,NA,NA
NA,NA,NA,NA,Emp3,Ldb1,Fmnl1,LOC691153,NA,NA
NA,NA,NA,NA,Enc1,Ldhd,Fndc8,Lpar2,NA,NA
NA,NA,NA,NA,Eno2,Ldlr,Fntb,Lpin1,NA,NA
NA,NA,NA,NA,Enpp4,Lect2,Fosl1,Lppr1,NA,NA
NA,NA,NA,NA,Enpp5,Lepr,Frem2,Lrat,NA,NA
NA,NA,NA,NA,Entpd6,Lgals8,Frmd4a,Lrg1,NA,NA
NA,NA,NA,NA,Eogt,Lgr4,Frmd6,Lrp3,NA,NA
NA,NA,NA,NA,Epb41l4a,Lgsn,Frmd8,Lrp6,NA,NA
NA,NA,NA,NA,Ephb2,Lhx6,Fry,Lrrc40,NA,NA
NA,NA,NA,NA,Ephx2,Lilra5,Frzb,Lrrc58,NA,NA
NA,NA,NA,NA,Epn3,Lin7a,Fscn1,Lrrc8c,NA,NA
NA,NA,NA,NA,Eps8l1,Lipa,Fsip1,Lyve1,NA,NA
NA,NA,NA,NA,Eqtn,Lipc,Fst,Mafb,NA,NA
NA,NA,NA,NA,Erbb2,LOC100158225,Fstl1,Malsu1,NA,NA
NA,NA,NA,NA,Esam,LOC100360095,Fus,Maob,NA,NA
NA,NA,NA,NA,Esm1,LOC100362690,Fut1,Map10,NA,NA
NA,NA,NA,NA,Espl1,LOC100365773,Fut4,Mapk10,NA,NA
NA,NA,NA,NA,Esyt1,LOC102552805,Fut7,Mapk8ip1,NA,NA
NA,NA,NA,NA,Ets2,LOC252890,Fut8,Marc1,NA,NA
NA,NA,NA,NA,Etv4,LOC259244,Fv1,Marc2,NA,NA
NA,NA,NA,NA,Etv6,LOC298111,Fxyd3,March6,NA,NA
NA,NA,NA,NA,Evc2,LOC299282,Fxyd5,Marco,NA,NA
NA,NA,NA,NA,Exnef,LOC497899,Fzd2,Marveld3,NA,NA
NA,NA,NA,NA,Ext1,LOC499602,Fzd6,Mat1a,NA,NA
NA,NA,NA,NA,Extl2,LOC680200,Gabrp,Mcart1,NA,NA
NA,NA,NA,NA,Eya2,LOC683897,Galnt6,Mccc1,NA,NA
NA,NA,NA,NA,Ezr,LOC689574,Galnt7,Mccc2,NA,NA
NA,NA,NA,NA,F2r,Lpar2,Gan,Mcee,NA,NA
NA,NA,NA,NA,Faap20,Lpar6,Gas5,Med31,NA,NA
NA,NA,NA,NA,Fabp2,Lppr1,Gas6,Megf9,NA,NA
NA,NA,NA,NA,Fabp4,Lrp3,Gas7,Meiob,NA,NA
NA,NA,NA,NA,Fabp5,Lrp4,Gas8,Mettl20,NA,NA
NA,NA,NA,NA,Fads3,Lrp6,Gbp5,Mettl23,NA,NA
NA,NA,NA,NA,Fam102b,Lrrc28,Gcnt3,Mettl7a,NA,NA
NA,NA,NA,NA,Fam105a,Lrrc56,Gem,Mettl7b,NA,NA
NA,NA,NA,NA,Fam110a,Lrrc8b,Gfpt2,Mfsd6,NA,NA
NA,NA,NA,NA,Fam118a,Lrrn3,Ggh,Mfsd8,NA,NA
NA,NA,NA,NA,Fam129a,Ltn1,Ggn,Mgst2,NA,NA
NA,NA,NA,NA,Fam129b,Lzts3,Gimap4,Mir290,NA,NA
NA,NA,NA,NA,Fam131b,Man1a1,Gimap9,Mir291a,NA,NA
NA,NA,NA,NA,Fam134b,Maob,Gipc2,Mir291b,NA,NA
NA,NA,NA,NA,Fam198b,Map10,Gja1,Mir292,NA,NA
NA,NA,NA,NA,Fam19a4,Mapk10,Gjb2,Mir293,NA,NA
NA,NA,NA,NA,Fam220a,Marc1,Gjc2,Mir294,NA,NA
NA,NA,NA,NA,Fam25a,Marc2,Glb1l2,Mir3556b,NA,NA
NA,NA,NA,NA,Fam3c,March6,Glis2,Mir568,NA,NA
NA,NA,NA,NA,Fam49a,Mat1a,Gnai1,Mkrn1,NA,NA
NA,NA,NA,NA,Fam83h,Mcc,Gorab,Mllt3,NA,NA
NA,NA,NA,NA,Fam89a,Med4,Gpam,Mmd2,NA,NA
NA,NA,NA,NA,Fanca,Meiob,Gpat2,Mmp16,NA,NA
NA,NA,NA,NA,Fas,Meox2,Gpbar1,Mpnd,NA,NA
NA,NA,NA,NA,Fasn,Met,Gpc3,Mpped1,NA,NA
NA,NA,NA,NA,Fat1,Mfsd8,Gpd2,Mpst,NA,NA
NA,NA,NA,NA,Fblim1,MGC93861,Gpnmb,Mrc1,NA,NA
NA,NA,NA,NA,Fbln1,Micu2,Gpr137b,Mrpl14,NA,NA
NA,NA,NA,NA,Fbn1,Mir27b,Gpr183,Mrps21,NA,NA
NA,NA,NA,NA,Fbn2,Mir290,Gpr37,Ms4a6bl,NA,NA
NA,NA,NA,NA,Fbxl8,Mir291a,Gpr39,Msrb1,NA,NA
NA,NA,NA,NA,Fbxo32,Mir291b,Gprc5a,Mst1,NA,NA
NA,NA,NA,NA,Fbxo6,Mir292,Gprc5b,Mthfd1,NA,NA
NA,NA,NA,NA,Fbxw17,Mir293,Gpx2,Mtss1,NA,NA
NA,NA,NA,NA,Fcgr2a,Mir294,Grhl2,Mug1,NA,NA
NA,NA,NA,NA,Fchsd1,Mir3074,Gria3,Mug2,NA,NA
NA,NA,NA,NA,Fcnb,Mir3589,Grik5,Mup4,NA,NA
NA,NA,NA,NA,Fgd6,Mir802,Grk5,Mup5,NA,NA
NA,NA,NA,NA,Fgf1,Mllt3,Gsn,Mvk,NA,NA
NA,NA,NA,NA,Fgf21,Mlxipl,Gsta3,N4bp2l1,NA,NA
NA,NA,NA,NA,Fgf23,Mmaa,Gtf2f1,Naa60,NA,NA
NA,NA,NA,NA,Fgr,Mmd2,Gtse1,Nadk2,NA,NA
NA,NA,NA,NA,Fhdc1,Mme,Gucy2c,Naga,NA,NA
NA,NA,NA,NA,Fhl2,Mospd3,H19,Ncam2,NA,NA
NA,NA,NA,NA,Fhl3,Mpc1,H2afy2,Ncoa4,NA,NA
NA,NA,NA,NA,Fibin,Mpc2,Hadhb,Ndrg2,NA,NA
NA,NA,NA,NA,Figf,Mpdz,Hap1,Ndrg3,NA,NA
NA,NA,NA,NA,Fjx1,Mphosph8,Has2,Ndufa1,NA,NA
NA,NA,NA,NA,Fkbp10,Mrpl14,Hdc,Ndufa2,NA,NA
NA,NA,NA,NA,Fkbp5,Mrpl18,Hdgfrp3,Ndufa4,NA,NA
NA,NA,NA,NA,Fkbp7,Msrb1,Hebp2,Ndufa6,NA,NA
NA,NA,NA,NA,Flna,Mtfp1,Heph,Ndufb11,NA,NA
NA,NA,NA,NA,Flnb,Mug1,Heyl,Negr1,NA,NA
NA,NA,NA,NA,Flnc,Mup4,Hid1,Neu2,NA,NA
NA,NA,NA,NA,Flrt2,Mup5,Hivep2,Neurl2,NA,NA
NA,NA,NA,NA,Flvcr2,Myeov2,Hivep3,Nfil3,NA,NA
NA,NA,NA,NA,Fmnl1,Myh11,Hk1,Ngef,NA,NA
NA,NA,NA,NA,Fndc1,Mylk3,Hmcn1,Ninj2,NA,NA
NA,NA,NA,NA,Fopnl,Mzf1,Hpgd,Nipsnap1,NA,NA
NA,NA,NA,NA,Fosb,N4bp2l1,Hps3,Nit2,NA,NA
NA,NA,NA,NA,Fosl1,Naa60,Hr,Nlrp12,NA,NA
NA,NA,NA,NA,Fosl2,Nadk2,Hs3st1,Nme3,NA,NA
NA,NA,NA,NA,Foxm1,Naga,Hs6st2,Nmral1,NA,NA
NA,NA,NA,NA,Foxq1,Nags,Hspa12b,Nnmt,NA,NA
NA,NA,NA,NA,Foxs1,Naprt1,Hspa1a,Noct,NA,NA
NA,NA,NA,NA,Frmd4a,Narf,Htra3,Notum,NA,NA
NA,NA,NA,NA,Frmd6,Nat6,Ica1,Nox4,NA,NA
NA,NA,NA,NA,Frzb,Nat8,Icam1,Nprl2,NA,NA
NA,NA,NA,NA,Fscn1,Nav3,Ier5,Nqo2,NA,NA
NA,NA,NA,NA,Fsip1,Nbr1,Ier5l,Nr1i2,NA,NA
NA,NA,NA,NA,Fst,Ncam2,Ifngr2,Nr5a2,NA,NA
NA,NA,NA,NA,Fstl1,Ncoa2,Ifnlr1,Nrbf2,NA,NA
NA,NA,NA,NA,Fut7,Ndrg2,Igf1r,Nrep,NA,NA
NA,NA,NA,NA,Fxyd5,Ndst1,Igf2,Nrtn,NA,NA
NA,NA,NA,NA,Fxyd6,Ndufa10l1,Igf2bp2,Nrxn3,NA,NA
NA,NA,NA,NA,Fyn,Ndufa6,Igf2r,Ntm,NA,NA
NA,NA,NA,NA,Fzd2,Negr1,Igsf1,Ntpcr,NA,NA
NA,NA,NA,NA,Fzd6,Neu1,Igsf3,Ntrk1,NA,NA
NA,NA,NA,NA,G0s2,Neurl2,Igsf9,Ntsr1,NA,NA
NA,NA,NA,NA,Gab2,Nfib,Ikbke,Nuak2,NA,NA
NA,NA,NA,NA,Gadd45a,Nfyb,Ikzf2,Nudt4,NA,NA
NA,NA,NA,NA,Gale,Nhlrc1,Il13ra2,Nxt2,NA,NA
NA,NA,NA,NA,Galnt18,Nipsnap1,Il17re,Obp3,NA,NA
NA,NA,NA,NA,Galnt6,Nit1,Il1r1,Ogfod3,NA,NA
NA,NA,NA,NA,Galr3,Nit2,Il1rl1,Olr1058,NA,NA
NA,NA,NA,NA,Gapdh,Nlrp12,Il22ra1,Olr35,NA,NA
NA,NA,NA,NA,Gar1,Nme3,Il23a,Omd,NA,NA
NA,NA,NA,NA,Gas7,Nnmt,Il2ra,Otc,NA,NA
NA,NA,NA,NA,Gatsl2,Nox4,Il2rg,Oxnad1,NA,NA
NA,NA,NA,NA,Gbp5,Npepo,Ildr1,P2ry13,NA,NA
NA,NA,NA,NA,Gca,Nqo2,Impdh1,P2ry14,NA,NA
NA,NA,NA,NA,Gck,Nr1d1,Inhbe,Pah,NA,NA
NA,NA,NA,NA,Gda,Nr1d2,Inpp1,Papd7,NA,NA
NA,NA,NA,NA,Gdf15,Nr2f2,Inpp4b,Pbld1,NA,NA
NA,NA,NA,NA,Gem,Nr3c1,Iqgap1,Pcca,NA,NA
NA,NA,NA,NA,Gfap,Nrcam,Irak1bp1,Pcdhac2,NA,NA
NA,NA,NA,NA,Gfod1,Nrep,Irf1,Pcdhga1,NA,NA
NA,NA,NA,NA,Gfod2,Nrn1,Irg1,Pck1,NA,NA
NA,NA,NA,NA,Gfpt2,Nrtn,Itga4,Pcsk1,NA,NA
NA,NA,NA,NA,Ggt1,Nrxn3,Itga6,Pddc1,NA,NA
NA,NA,NA,NA,Ggta1,Ntn3,Itga8,Pde11a,NA,NA
NA,NA,NA,NA,Gins2,Ntng1,Itgam,Pde3b,NA,NA
NA,NA,NA,NA,Gins3,Ntrk1,Itgb1,Pde4c,NA,NA
NA,NA,NA,NA,Gipc1,Ntsr1,Itgb4,Pdia5,NA,NA
NA,NA,NA,NA,Git1,Nudt12,Itgb6,Pdk2,NA,NA
NA,NA,NA,NA,Gja1,Nudt16,Itgb7,Peli3,NA,NA
NA,NA,NA,NA,Gja5,Nup98,Itgb8,Pemt,NA,NA
NA,NA,NA,NA,Gjc1,Nupr1l,Itgbl1,Pex26,NA,NA
NA,NA,NA,NA,Gjc2,Nxnl2,Itpr3,Pfkfb1,NA,NA
NA,NA,NA,NA,Glb1l2,Nxt2,Itpripl2,Pgrmc1,NA,NA
NA,NA,NA,NA,Gls,Oaf,Izumo1,Phf19,NA,NA
NA,NA,NA,NA,Gltp,Oard1,Jak3,Phlpp2,NA,NA
NA,NA,NA,NA,Gmeb1,Obp3,Jam2,Phtf1,NA,NA
NA,NA,NA,NA,Gna13,Olr1584,Jph4,Phtf2,NA,NA
NA,NA,NA,NA,Gnai1,Olr1585,Kank2,Phyhd1,NA,NA
NA,NA,NA,NA,Gnai2,Olr35,Kcnb1,Pigc,NA,NA
NA,NA,NA,NA,Gnat3,Onecut1,Kcnip4,Pign,NA,NA
NA,NA,NA,NA,Gnb1,Opn3,Kcnj8,Pigr,NA,NA
NA,NA,NA,NA,Gnpda1,Os9,Kcnk1,Pigu,NA,NA
NA,NA,NA,NA,Gpa33,Ovol3,Kcnn4,Pik3c3,NA,NA
NA,NA,NA,NA,Gpc1,P2ry13,Kcnq1,Pik3r1,NA,NA
NA,NA,NA,NA,Gpc3,Pah,Kcnq3,Pim3,NA,NA
NA,NA,NA,NA,Gpnmb,Papss2,Kcns3,Pink1,NA,NA
NA,NA,NA,NA,Gpr137b,Paqr9,Kcnv2,Pipox,NA,NA
NA,NA,NA,NA,Gpr153,Park2,Kdelr3,Pitpnm1,NA,NA
NA,NA,NA,NA,Gpr176,Pax5,Kif12,Pkdcc,NA,NA
NA,NA,NA,NA,Gpr183,Pbld1,Kif26a,Plcb1,NA,NA
NA,NA,NA,NA,Gpr37,Pbx1,Kif3c,Pld4,NA,NA
NA,NA,NA,NA,Gpr39,Pcbd1,Kif5a,Plekhf1,NA,NA
NA,NA,NA,NA,Gpr4,Pcbp3,Kif5c,Plg,NA,NA
NA,NA,NA,NA,Gpr87,Pcbp4,Kifc1,Pls1,NA,NA
NA,NA,NA,NA,Gprc5a,Pcdh11x,Kifc3,Pltp,NA,NA
NA,NA,NA,NA,Gpsm1,Pcdh7,Kirrel,Pm20d1,NA,NA
NA,NA,NA,NA,Gpx2,Pcdhac2,Klf4,Pm20d2,NA,NA
NA,NA,NA,NA,Gpx3,Pck1,Klf5,Pmvk,NA,NA
NA,NA,NA,NA,Grhl2,Pclo,Klf6,Pnp,NA,NA
NA,NA,NA,NA,Gria3,Pde11a,Klf7,Pnpla7,NA,NA
NA,NA,NA,NA,Grk5,Pde3b,Klhdc8a,Polg2,NA,NA
NA,NA,NA,NA,Gss,Pde4c,Krt18,Pon1,NA,NA
NA,NA,NA,NA,Gsta3,Pdia4,Krt19,Pon3,NA,NA
NA,NA,NA,NA,Gstcd,Pdp2,Krt20,Pou3f3,NA,NA
NA,NA,NA,NA,Gstm2,Pdzk1,Krt23,Ppa1,NA,NA
NA,NA,NA,NA,Gstm3,Pecr,Krt8,Ppa2,NA,NA
NA,NA,NA,NA,Gstp1,Peg3,Lad1,Ppapdc1a,NA,NA
NA,NA,NA,NA,Gtse1,Peli3,Lama4,Pparg,NA,NA
NA,NA,NA,NA,Gucy2c,Pemt,Lama5,Ppargc1a,NA,NA
NA,NA,NA,NA,Gyg1,Per3,Lamb2,Ppif,NA,NA
NA,NA,NA,NA,Gypc,Pfdn2,Lamb3,Ppp1r10,NA,NA
NA,NA,NA,NA,H19,Pgrmc1,Lamc2,Ppp2r5e,NA,NA
NA,NA,NA,NA,H2afy2,Phlpp2,Lbh,Pptc7,NA,NA
NA,NA,NA,NA,Hacd4,Phyhd1,Lbp,Prex2,NA,NA
NA,NA,NA,NA,Hbegf,Pik3c3,Lca5,Prkaa2,NA,NA
NA,NA,NA,NA,Hcn3,Pim3,Lck,Prkag3,NA,NA
NA,NA,NA,NA,Hdgfrp3,Pink1,Lcn2,Prodh,NA,NA
NA,NA,NA,NA,Heatr1,Pja1,Lcp1,Prokr1,NA,NA
NA,NA,NA,NA,Heatr6,Pla2g15,Ldb2,Pros1,NA,NA
NA,NA,NA,NA,Hebp2,Plag1,Ldha,Psenen,NA,NA
NA,NA,NA,NA,Heph,Plcb1,Lefty2,Pstpip2,NA,NA
NA,NA,NA,NA,Heyl,Plcxd2,Lepr,Ptger3,NA,NA
NA,NA,NA,NA,Hic1,Plekhb1,Lgals1,Ptgfr,NA,NA
NA,NA,NA,NA,Hip1,Plg,Lgals2,Ptgr1,NA,NA
NA,NA,NA,NA,Hip1r,Plvap,Lgals3,Ptgs1,NA,NA
NA,NA,NA,NA,Hist1h1a,Pnpla7,Lgi4,Ptp4a1,NA,NA
NA,NA,NA,NA,Hist1h1b,Polr2h,Lilrb4,Ptprg,NA,NA
NA,NA,NA,NA,Hist1h2ail1,Polr2i,Limk1,Pvrl3,NA,NA
NA,NA,NA,NA,Hist1h2ak,Polr3gl,Limk2,Pxmp4,NA,NA
NA,NA,NA,NA,Hist1h2bd,Pon1,Liph,Pzp,NA,NA
NA,NA,NA,NA,Hist1h2bk,Pon3,Lmna,Qdpr,NA,NA
NA,NA,NA,NA,Hist1h2bo,Por,Lmnb2,Ranbp17,NA,NA
NA,NA,NA,NA,Hist1h4m,Pou3f1,Lmod1,Rarres1,NA,NA
NA,NA,NA,NA,Hivep2,Pou6f1,Lnc215,Rarres2,NA,NA
NA,NA,NA,NA,Hivep3,Ppa1,LOC100361444,Rbl2,NA,NA
NA,NA,NA,NA,Hmga1,Ppa2,LOC100365112,Rdh11,NA,NA
NA,NA,NA,NA,Hmgcr,Ppap2b,LOC100910558,Rdh16,NA,NA
NA,NA,NA,NA,Hn1,Ppara,LOC100912312,Rdh7,NA,NA
NA,NA,NA,NA,Homer3,Ppargc1a,LOC302022,Rdm1,NA,NA
NA,NA,NA,NA,Hpcal1,Ppfibp2,LOC308990,Reg4,NA,NA
NA,NA,NA,NA,Hps3,Ppif,LOC361016,RGD1304884,NA,NA
NA,NA,NA,NA,Hrasls5,Ppox,LOC367975,RGD1305347,NA,NA
NA,NA,NA,NA,Hrh1,Ppp1r15b,LOC498222,RGD1305645,NA,NA
NA,NA,NA,NA,Hrk,Ppp4r4,LOC498836,RGD1307537,NA,NA
NA,NA,NA,NA,Hs6st2,Pqlc1,LOC499781,RGD1307603,NA,NA
NA,NA,NA,NA,Hsdl2,Pqlc2,LOC654482,RGD1359508,NA,NA
NA,NA,NA,NA,Hspa12b,Prdm9,LOC680227,RGD1562310,NA,NA
NA,NA,NA,NA,Hspa1a,Prdx4,LOC680663,RGD1562865,NA,NA
NA,NA,NA,NA,Hspa1b,Prdx5,LOC681383,RGD1562963,NA,NA
NA,NA,NA,NA,Hspa4l,Prelid2,LOC688452,RGD1563888,NA,NA
NA,NA,NA,NA,Hspb9,Prex2,LOC689766,RGD1564614,NA,NA
NA,NA,NA,NA,Htra3,Prf1,LOC689986,RGD1564804,NA,NA
NA,NA,NA,NA,Hyal2,Prkab1,LOC690617,RGD1564854,NA,NA
NA,NA,NA,NA,Ica1,Prkcb,Loxl1,RGD1564865,NA,NA
NA,NA,NA,NA,Icam1,Prkd3,Loxl4,RGD1566134,NA,NA
NA,NA,NA,NA,Id1,Prodh,Lpl,Rgn,NA,NA
NA,NA,NA,NA,Idh2,Prodh2,Lrrc1,Rgs18,NA,NA
NA,NA,NA,NA,Ier2,Proz,Lrrc49,Rgs3,NA,NA
NA,NA,NA,NA,Ier5,Psenen,Lrrc52,Rilp,NA,NA
NA,NA,NA,NA,Ier5l,Psmc3,Lrrc75b,Rmrp,NA,NA
NA,NA,NA,NA,Ifi27l2b,Psmc6,Lrrc8e,Rnase11,NA,NA
NA,NA,NA,NA,Ifit2,Pstpip2,Lrrcc1,Rnase13,NA,NA
NA,NA,NA,NA,Ifit3,Ptch1,Lrrfip1,Rnase4,NA,NA
NA,NA,NA,NA,Ifitm2,Ptger3,Lrrk2,Rnd2,NA,NA
NA,NA,NA,NA,Ifngr2,Ptgs1,Lsp1,Rnf125,NA,NA
NA,NA,NA,NA,Ifnlr1,Ptpn22,Ltb,Rnf152,NA,NA
NA,NA,NA,NA,Ift122,Ptprh,Ltbp1,Romo1,NA,NA
NA,NA,NA,NA,Ift22,Ptprq,Ltbp2,Rpp21,NA,NA
NA,NA,NA,NA,Igf2bp2,Pus7,Ltbp3,RT1-Bb,NA,NA
NA,NA,NA,NA,Igf2r,Pvrl3,Ltbp4,RT1-DMb,NA,NA
NA,NA,NA,NA,Igfbp1,Pxmp2,Lypd1,Rtn4rl2,NA,NA
NA,NA,NA,NA,Igsf11,Pyroxd2,Lyz2,Rup2,NA,NA
NA,NA,NA,NA,Igsf3,Pzp,Lzts2,Rxra,NA,NA
NA,NA,NA,NA,Igsf8,Rab3a,Maff,Samd5,NA,NA
NA,NA,NA,NA,Ikbkb,Rad54l2,Mafk,Scand1,NA,NA
NA,NA,NA,NA,Ikbke,Ranbp17,Maged2,Scrn2,NA,NA
NA,NA,NA,NA,Ikzf2,Rarres1,Magee1,Sdc2,NA,NA
NA,NA,NA,NA,Il10rb,Rasgrp1,Magi3,Sdha,NA,NA
NA,NA,NA,NA,Il17re,Rassf7,Mal,Sdhaf3,NA,NA
NA,NA,NA,NA,Il1r2,Rbl2,Mall,Sds,NA,NA
NA,NA,NA,NA,Il1rl1,Rbm38,Maml3,Sdsl,NA,NA
NA,NA,NA,NA,Il1rn,Rbm47,Map1a,Selenbp1,NA,NA
NA,NA,NA,NA,Il22ra1,Rbp4,Map1b,Seli,NA,NA
NA,NA,NA,NA,Il23a,Rcbtb2,Map2,Selo,NA,NA
NA,NA,NA,NA,Il2rg,Rdh7,Map4k2,Sema6c,NA,NA
NA,NA,NA,NA,Il34,Ren,Map4k4,Senp7,NA,NA
NA,NA,NA,NA,Impa2,RGD1305347,Map6,Sepp1,NA,NA
NA,NA,NA,NA,Impdh1,RGD1307461,Map9,Serpina3c,NA,NA
NA,NA,NA,NA,Incenp,RGD1307537,Mapk4,Serpina6,NA,NA
NA,NA,NA,NA,Inhbb,RGD1307603,Mapt,Serpinc1,NA,NA
NA,NA,NA,NA,Inhbe,RGD1309350,March3,Serpind1,NA,NA
NA,NA,NA,NA,Inpp1,RGD1561778,Marcks,Sesn2,NA,NA
NA,NA,NA,NA,Insig1,RGD1563482,Mat2a,Sez6l,NA,NA
NA,NA,NA,NA,Insig2,RGD1564614,Matk,Sfxn1,NA,NA
NA,NA,NA,NA,Iqgap1,RGD1565367,Mcam,Sfxn2,NA,NA
NA,NA,NA,NA,Iqgap3,RGD1566134,Mcemp1,Sh2d4a,NA,NA
NA,NA,NA,NA,Irak2,RGD1566386,Mcm2,Sh3bp5,NA,NA
NA,NA,NA,NA,Irak3,Rgn,Mcpt1l1,Siah2,NA,NA
NA,NA,NA,NA,Irf1,Rgs3,Mdga1,Siglec1,NA,NA
NA,NA,NA,NA,Irg1,Rgs9bp,Mecom,Siglec5,NA,NA
NA,NA,NA,NA,Irx2,Rgsl2h,Megf6,Sik1,NA,NA
NA,NA,NA,NA,Isg15,Rhbdl3,Meox1,Slc10a1,NA,NA
NA,NA,NA,NA,Itga4,Rnase11,Metrnl,Slc10a5,NA,NA
NA,NA,NA,NA,Itga5,Rnase13,Mfap3l,Slc10a6,NA,NA
NA,NA,NA,NA,Itga6,Rnase4,Mfsd10,Slc13a2,NA,NA
NA,NA,NA,NA,Itga8,Rnd2,Mfsd12,Slc13a5,NA,NA
NA,NA,NA,NA,Itgam,rnf141,Mfsd9,Slc16a4,NA,NA
NA,NA,NA,NA,Itgb1,Rnf186,Mgat3,Slc17a2,NA,NA
NA,NA,NA,NA,Itgb2,Ror1,MGC105649,Slc19a2,NA,NA
NA,NA,NA,NA,Itgb6,Rpain,Micb,Slc22a18,NA,NA
NA,NA,NA,NA,Itgb8,Rpp21,Mir155hg,Slc22a22,NA,NA
NA,NA,NA,NA,Itpka,Rpusd3,Mir199a2,Slc22a23,NA,NA
NA,NA,NA,NA,Itpkc,Rspo2,Misp,Slc22a25,NA,NA
NA,NA,NA,NA,Itpripl2,Rsrp1,Mlph,Slc22a6,NA,NA
NA,NA,NA,NA,Jag1,RT1-Da,Mmd,Slc22a7,NA,NA
NA,NA,NA,NA,Jak3,RT1-Db1,Mmp12,Slc22a8,NA,NA
NA,NA,NA,NA,Jam2,RT1-DOa,Mmp13,Slc23a1,NA,NA
NA,NA,NA,NA,Jph4,RT1-DOb,Mmp28,Slc25a15,NA,NA
NA,NA,NA,NA,Jun,Rtn4rl2,Mmp3,Slc25a22,NA,NA
NA,NA,NA,NA,Junb,Rtp3,Mmp7,Slc25a25,NA,NA
NA,NA,NA,NA,Jund,Rundc3b,Mmp8,Slc25a32,NA,NA
NA,NA,NA,NA,Kank3,Rup2,Mogat2,Slc25a33,NA,NA
NA,NA,NA,NA,Katnal1,Samd11,Mphosph6,Slc25a38,NA,NA
NA,NA,NA,NA,Kcnj8,Sat2,Mpp4,Slc25a54,NA,NA
NA,NA,NA,NA,Kcnj9,Satb1,Mpp7,Slc27a5,NA,NA
NA,NA,NA,NA,Kcnn2,Sc5d,Mrgprf,Slc29a4,NA,NA
NA,NA,NA,NA,Kcnn4,Scin,Mrpl49,Slc2a8,NA,NA
NA,NA,NA,NA,Kctd13,Sclt1,Mrvi1,Slc31a1,NA,NA
NA,NA,NA,NA,Kctd15,Scrn1,Ms4a8,Slc38a2,NA,NA
NA,NA,NA,NA,Kdelr3,Scrn2,Msantd1,Slc38a3,NA,NA
NA,NA,NA,NA,Kif11,Scrt2,Msantd3,Slc38a4,NA,NA
NA,NA,NA,NA,Kif12,Sdc2,Msl3l2,Slc39a8,NA,NA
NA,NA,NA,NA,Kif1c,Sdf2l1,Msn,Slc3a1,NA,NA
NA,NA,NA,NA,Kif22,Sdf4,Mst1r,Slc40a1,NA,NA
NA,NA,NA,NA,Kif23,Sdr42e1,Mthfd1l,Slc43a1,NA,NA
NA,NA,NA,NA,Kif26b,Sds,Mthfd2,Slc45a3,NA,NA
NA,NA,NA,NA,Kif2c,Sebox,Mthfd2l,Slc46a1,NA,NA
NA,NA,NA,NA,Kif3a,Sec14l2,Mtmr11,Slc6a12,NA,NA
NA,NA,NA,NA,Kif3c,Sel1l,Mturn,Slc7a10,NA,NA
NA,NA,NA,NA,Kifc1,Selenbp1,Muc1,Slc7a2,NA,NA
NA,NA,NA,NA,Kifc3,Selo,Mustn1,Slc9a3r1,NA,NA
NA,NA,NA,NA,Kirrel,Selp,Mvb12b,Slc9a7,NA,NA
NA,NA,NA,NA,Klf10,Sema4g,Mvp,Slco1a1,NA,NA
NA,NA,NA,NA,Klf11,Sepp1,Mxra8,Slco1a2,NA,NA
NA,NA,NA,NA,Klf4,Serpina1,Myadm,Slco2a1,NA,NA
NA,NA,NA,NA,Klf6,Serpina3c,Mybl1,Slco2b1,NA,NA
NA,NA,NA,NA,Klhdc8a,Serpina6,Mybl2,Smim14,NA,NA
NA,NA,NA,NA,Klhl5,Serpinc1,Mybph,Smlr1,NA,NA
NA,NA,NA,NA,Klhl8,Serpind1,Mycl,Smoc1,NA,NA
NA,NA,NA,NA,Klra17,Serpinf2,Myh10,Smpdl3a,NA,NA
NA,NA,NA,NA,Kntc1,Sfxn2,Myh11,Sod1,NA,NA
NA,NA,NA,NA,Kpna3,Sfxn5,Myh14,Sod3,NA,NA
NA,NA,NA,NA,Krt18,Sgk2,Myh7b,Sord,NA,NA
NA,NA,NA,NA,Krt20,Sh3gl3,Myh9,Spic,NA,NA
NA,NA,NA,NA,Krt23,Shmt1,Myh9l1,Spice1,NA,NA
NA,NA,NA,NA,Krt4,Sla2,Myl12a,Spink1,NA,NA
NA,NA,NA,NA,Krt75,Slamf7,Myl9,Spry4,NA,NA
NA,NA,NA,NA,Krt8,Slc10a1,Myo1c,Spryd7,NA,NA
NA,NA,NA,NA,Lama5,Slc10a5,Myo1f,Sqrdl,NA,NA
NA,NA,NA,NA,Lamb3,Slc13a2,Myo1g,St3gal1,NA,NA
NA,NA,NA,NA,Lamc1,Slc13a3,Myo5a,St8sia6,NA,NA
NA,NA,NA,NA,Lamc2,Slc16a10,Myo7b,Stac3,NA,NA
NA,NA,NA,NA,Laptm5,Slc16a12,Myocd,Stard4,NA,NA
NA,NA,NA,NA,Lbh,Slc16a2,Myof,ste2,NA,NA
NA,NA,NA,NA,Lbp,Slc16a4,Myrip,Stim2,NA,NA
NA,NA,NA,NA,Lcn2,Slc17a2,N4bp3,Sts,NA,NA
NA,NA,NA,NA,Lcp1,Slc17a4,Nagk,Sult1c2a,NA,NA
NA,NA,NA,NA,Leap2,Slc19a2,Nap1l3,Sult1c3,NA,NA
NA,NA,NA,NA,Lgals1,Slc1a3,Nav2,Suox,NA,NA
NA,NA,NA,NA,Lgals3,Slc20a2,Nbl1,Syce2,NA,NA
NA,NA,NA,NA,Lgals3bp,Slc22a1,Ncdn,Syngr1,NA,NA
NA,NA,NA,NA,Lgals9,Slc22a17,Nceh1,Synrg,NA,NA
NA,NA,NA,NA,Lgalsl,Slc22a23,Ncf2,Taf5l,NA,NA
NA,NA,NA,NA,Lgmn,Slc22a6,Nck2,Tat,NA,NA
NA,NA,NA,NA,Lhfp,Slc22a7,Ncs1,Tbck,NA,NA
NA,NA,NA,NA,Lhfpl2,Slc22a8,Ndc1,Tcp11l2,NA,NA
NA,NA,NA,NA,Lif,Slc23a1,Ndrg1,Tdo2,NA,NA
NA,NA,NA,NA,Lilrb4,Slc25a10,Nedd9,Tenm2,NA,NA
NA,NA,NA,NA,Lilrc2,Slc25a15,Nek6,Terc,NA,NA
NA,NA,NA,NA,Limch1,Slc25a30,Nes,Tfcp2,NA,NA
NA,NA,NA,NA,Limd1,Slc25a33,Neurl3,Tfec,NA,NA
NA,NA,NA,NA,Limk1,Slc29a4,Nexn,Tgfbi,NA,NA
NA,NA,NA,NA,Limk2,Slc2a9,Nfatc2,Tle1,NA,NA
NA,NA,NA,NA,Liph,Slc30a3,Nfkb1,Tlr12,NA,NA
NA,NA,NA,NA,Litaf,Slc31a1,Nfkb2,Tlr7,NA,NA
NA,NA,NA,NA,Lman1l,Slc33a1,Nfkbie,Tm7sf2,NA,NA
NA,NA,NA,NA,Lmcd1,Slc35e2b,Nhs,Tmbim6,NA,NA
NA,NA,NA,NA,Lmna,Slc37a4,Niacr1,Tmed4,NA,NA
NA,NA,NA,NA,Lnx2,Slc38a3,Nin,Tmem132e,NA,NA
NA,NA,NA,NA,LOC100294508,Slc38a4,Nipal2,Tmem140,NA,NA
NA,NA,NA,NA,LOC100361092,Slc43a1,Nkd1,Tmem150a,NA,NA
NA,NA,NA,NA,LOC100361444,Slc44a4,Nlgn3,Tmem150c,NA,NA
NA,NA,NA,NA,LOC100363193,Slc46a1,Nme4,Tmem176a,NA,NA
NA,NA,NA,NA,LOC100909539,Slc46a3,Nmt2,Tmem19,NA,NA
NA,NA,NA,NA,LOC100909675,Slc47a2,Nol3,Tmem205,NA,NA
NA,NA,NA,NA,LOC100911068,Slc6a12,Nop56,Tmem5,NA,NA
NA,NA,NA,NA,LOC100912041,Slc7a10,Nop58,Tmem53,NA,NA
NA,NA,NA,NA,LOC100912312,Slc7a2,Nos2,Tmem86b,NA,NA
NA,NA,NA,NA,LOC297756,Slc8b1,Notch3,Tmlhe,NA,NA
NA,NA,NA,NA,LOC308990,Slc9a3r1,Nov,Tnks2,NA,NA
NA,NA,NA,NA,LOC361016,Slc9a7,Npb,Tnnt1,NA,NA
NA,NA,NA,NA,LOC498276,Slco1a1,Npdc1,Tob1,NA,NA
NA,NA,NA,NA,LOC498836,Slco1a2,Nr2c2ap,Tp53i13,NA,NA
NA,NA,NA,NA,LOC499781,Slco1b2,Nrcam,Tp73,NA,NA
NA,NA,NA,NA,LOC502176,Slco2a1,Nrg1,Tpmt,NA,NA
NA,NA,NA,NA,LOC680663,Slco2b1,Nrp2,Tppp,NA,NA
NA,NA,NA,NA,LOC681325,Slco5a1,Nsg2,Tpst1,NA,NA
NA,NA,NA,NA,LOC683722,Smlr1,Nuak1,Tpte2,NA,NA
NA,NA,NA,NA,LOC684871,Smoc1,Nudt7,Trank1,NA,NA
NA,NA,NA,NA,LOC689065,Sntb2,Ogn,Trhde,NA,NA
NA,NA,NA,NA,LOC690617,Socs2,Olfm4,Trib1,NA,NA
NA,NA,NA,NA,LOC691083,Sod3,Olfml2a,Trpm3,NA,NA
NA,NA,NA,NA,LOC691995,Sorbs3,Olfml2b,Trpv1,NA,NA
NA,NA,NA,NA,Lonrf3,Sord,Olr1,Tsc22d3,NA,NA
NA,NA,NA,NA,Loxl1,Sox6,Orai2,Tsen34,NA,NA
NA,NA,NA,NA,Loxl2,Spag1,Oraov1,Tsku,NA,NA
NA,NA,NA,NA,Lpl,Spata25,Orm1,Tspy1,NA,NA
NA,NA,NA,NA,Lrrc32,Spata3,Osbpl6,Tspyl4,NA,NA
NA,NA,NA,NA,Lrrfip1,Spic,Osgepl1,Tst,NA,NA
NA,NA,NA,NA,Lrrk2,Spp2,Osmr,Ttc36,NA,NA
NA,NA,NA,NA,Lrrn4cl,Sptssa,Osr1,Ttr,NA,NA
NA,NA,NA,NA,Lsm11,Srd5a1,Otub2,Ttyh3,NA,NA
NA,NA,NA,NA,Ltb,St6galnac3,P2rx1,Tuba3a,NA,NA
NA,NA,NA,NA,Ltbp1,St8sia6,P2rx5,Ubac1,NA,NA
NA,NA,NA,NA,Ltbp2,Stac3,P2ry2,Ugp2,NA,NA
NA,NA,NA,NA,Ltbp3,Stard4,Pacsin1,Ugt2b15,NA,NA
NA,NA,NA,NA,Ltbp4,Stat2,Padi2,Ugt2b17,NA,NA
NA,NA,NA,NA,Lum,Stim2,Pak1,Ugt2b37,NA,NA
NA,NA,NA,NA,Lurap1l,Stox2,Pak1ip1,Unc5a,NA,NA
NA,NA,NA,NA,Ly49si1,Sts,Palm,Unc5d,NA,NA
NA,NA,NA,NA,Lypd1,Styx,Palm2,Upp2,NA,NA
NA,NA,NA,NA,Lyrm1,Sucla2,Pamr1,Uqcr10,NA,NA
NA,NA,NA,NA,Lysmd2,Sult1c2,Papss1,Uqcr11,NA,NA
NA,NA,NA,NA,Lyz2,Sult1c2a,Paqr6,Uqcrh,NA,NA
NA,NA,NA,NA,Lzts2,Sult1c3,Paqr8,Ush2a,NA,NA
NA,NA,NA,NA,Mad2l2,Sult2a1,Parm1,Usp39,NA,NA
NA,NA,NA,NA,Maff,Suox,Pbdc1,Ust,NA,NA
NA,NA,NA,NA,Mafk,Syce2,Pcbp3,Ust5r,NA,NA
NA,NA,NA,NA,Magee1,Syde2,Pcdh17,Vamp7,NA,NA
NA,NA,NA,NA,Magi3,Synpo2l,Pcdhb12,Vipr1,NA,NA
NA,NA,NA,NA,Magohb,Synrg,Pcdhb5,Vsig4,NA,NA
NA,NA,NA,NA,Mal,Syt3,Pck2,Vtn,NA,NA
NA,NA,NA,NA,Manba,Taf5l,PCOLCE2,Wasl,NA,NA
NA,NA,NA,NA,Map1a,Tat,Pdcd1,Wbscr27,NA,NA
NA,NA,NA,NA,Map1b,Tbc1d14,Pdcl3,Wdtc1,NA,NA
NA,NA,NA,NA,Map1s,Tbck,Pde4a,Whamm,NA,NA
NA,NA,NA,NA,Map2k1,Tceb2,Pde5a,Wwp1,NA,NA
NA,NA,NA,NA,Map3k6,Tcp1,Pde6c,Xk,NA,NA
NA,NA,NA,NA,Map4k4,Tcp11l2,Pdgfa,Xkr4,NA,NA
NA,NA,NA,NA,Map6,Tdrkh,Pdgfb,Xpnpep2,NA,NA
NA,NA,NA,NA,Map9,Tef,Pdgfd,Yod1,NA,NA
NA,NA,NA,NA,Mapk13,Tenm2,Pdgfrb,Zbtb16,NA,NA
NA,NA,NA,NA,Mapk4,Terf1,Pdk3,Zbtb20,NA,NA
NA,NA,NA,NA,Mapk7,Tert,Pdlim4,Zbtb39,NA,NA
NA,NA,NA,NA,March3,Tfcp2,Pdlim7,Zdhhc23,NA,NA
NA,NA,NA,NA,Marcks,Tfdp2,Peg12,Zdhhc4,NA,NA
NA,NA,NA,NA,Marcksl1,Tfr2,Peg3,Zfand6,NA,NA
NA,NA,NA,NA,Marveld2,Thrb,Pex11a,Zfp189,NA,NA
NA,NA,NA,NA,Mat2a,Thumpd1,Pfkp,Zfp354a,NA,NA
NA,NA,NA,NA,Matk,Thumpd2,Pfn2,Zfp37,NA,NA
NA,NA,NA,NA,Mbd2,Timeless,Phactr2,Zfp394,NA,NA
NA,NA,NA,NA,Mbp,Tlr11,Phgdh,Zfp638,NA,NA
NA,NA,NA,NA,Mcam,Tlr12,Phlda3,Zfp68,NA,NA
NA,NA,NA,NA,Mcemp1,Tm7sf2,Phldb1,Zfp697,NA,NA
NA,NA,NA,NA,Mcm2,Tmc3,Pi16,Zhx2,NA,NA
NA,NA,NA,NA,Mcm5,Tmem117,Pik3c2b,Zhx3,NA,NA
NA,NA,NA,NA,Mcoln2,Tmem132b,Pik3r5,Zrsr1,NA,NA
NA,NA,NA,NA,Mcoln3,Tmem144,Pkd2,NA,NA,NA
NA,NA,NA,NA,Mdfic,Tmem150a,Pkia,NA,NA,NA
NA,NA,NA,NA,Med12l,Tmem159,Pkm,NA,NA,NA
NA,NA,NA,NA,Med9,Tmem163,Pkp2,NA,NA,NA
NA,NA,NA,NA,Megf9,Tmem19,Pla1a,NA,NA,NA
NA,NA,NA,NA,Meis3,Tmem205,Pla2g1b,NA,NA,NA
NA,NA,NA,NA,Melk,Tmem218,Pla2g2d,NA,NA,NA
NA,NA,NA,NA,Mesdc1,Tmem41b,Pla2g7,NA,NA,NA
NA,NA,NA,NA,Mesp2,Tmem47,Plagl1,NA,NA,NA
NA,NA,NA,NA,Mest,Tmem63a,Plat,NA,NA,NA
NA,NA,NA,NA,Metrnl,Tmlhe,Plaur,NA,NA,NA
NA,NA,NA,NA,Mfap2,Tmpo,Plcd1,NA,NA,NA
NA,NA,NA,NA,Mfap4,Tnnt1,Plch1,NA,NA,NA
NA,NA,NA,NA,Mfge8,Tom1l1,Plekha1,NA,NA,NA
NA,NA,NA,NA,Mfhas1,Tp53i13,Plekha4,NA,NA,NA
NA,NA,NA,NA,Mfsd10,Tpcn1,Plekhs1,NA,NA,NA
NA,NA,NA,NA,Mfsd12,Tpmt,Plet1,NA,NA,NA
NA,NA,NA,NA,Mgarp,Tppp,Plin2,NA,NA,NA
NA,NA,NA,NA,Mgat5,Tpst1,Plod2,NA,NA,NA
NA,NA,NA,NA,MGC105649,Tram1,Plp2,NA,NA,NA
NA,NA,NA,NA,Mgp,Trappc2b,Plscr1,NA,NA,NA
NA,NA,NA,NA,Mgrn1,Trhde,Plscr4,NA,NA,NA
NA,NA,NA,NA,Mical1,Trpm3,Plxna3,NA,NA,NA
NA,NA,NA,NA,Mical2,Tspan12,Pmepa1,NA,NA,NA
NA,NA,NA,NA,Micalcl,Tssk6,Pmp22,NA,NA,NA
NA,NA,NA,NA,Mid2,Tst,Pnliprp2,NA,NA,NA
NA,NA,NA,NA,Mir21,Ttc39c,Podxl,NA,NA,NA
NA,NA,NA,NA,Mir322,Ttpa,Pof1b,NA,NA,NA
NA,NA,NA,NA,Mis12,Ttr,Pola2,NA,NA,NA
NA,NA,NA,NA,Mitd1,Tuba3a,Polb,NA,NA,NA
NA,NA,NA,NA,Mitf,Txndc11,Polr3g,NA,NA,NA
NA,NA,NA,NA,Mki67,Txndc17,Popdc2,NA,NA,NA
NA,NA,NA,NA,Mmp12,Txnrd2,Pou2af1,NA,NA,NA
NA,NA,NA,NA,Mmp13,Tyw5,Ppil1,NA,NA,NA
NA,NA,NA,NA,Mmp2,Ube2d4,Ppip5k1,NA,NA,NA
NA,NA,NA,NA,Mmp23,Ugp2,Ppl,NA,NA,NA
NA,NA,NA,NA,Mmp24,Ugt2b1,Ppp1r14b,NA,NA,NA
NA,NA,NA,NA,Mmp3,Ugt2b10,Ppp1r1b,NA,NA,NA
NA,NA,NA,NA,Mmp8,Ugt2b15,Ppp1r36,NA,NA,NA
NA,NA,NA,NA,Mmp9,Ugt2b17,Ppp2ca,NA,NA,NA
NA,NA,NA,NA,Mnda,Ulk2,Ppp2r1b,NA,NA,NA
NA,NA,NA,NA,Mob3a,Ung,Ppp2r2b,NA,NA,NA
NA,NA,NA,NA,Mpi,Upp2,Pqlc3,NA,NA,NA
NA,NA,NA,NA,Mpp7,Ush2a,Pragmin,NA,NA,NA
NA,NA,NA,NA,Mras,Usp2,Prkab2,NA,NA,NA
NA,NA,NA,NA,Mrgprx2,Usp49,Prkar1b,NA,NA,NA
NA,NA,NA,NA,Msantd3,Ust5r,Prkca,NA,NA,NA
NA,NA,NA,NA,Msc,Uxt,Prlr,NA,NA,NA
NA,NA,NA,NA,Msn,Vamp7,Prmt1,NA,NA,NA
NA,NA,NA,NA,Mterfd3,Vipr1,Prmt2,NA,NA,NA
NA,NA,NA,NA,Mthfd1l,Vom1r100,Prnp,NA,NA,NA
NA,NA,NA,NA,Mthfd2,Vom1r99,Prom1,NA,NA,NA
NA,NA,NA,NA,Mtmr11,Vsig4,Prrx1,NA,NA,NA
NA,NA,NA,NA,Musk,Vtn,Prss22,NA,NA,NA
NA,NA,NA,NA,Mvb12b,Vwce,Prss32,NA,NA,NA
NA,NA,NA,NA,Mvp,Wasf1,Prss8,NA,NA,NA
NA,NA,NA,NA,Mx2,Wfdc1,Psapl1,NA,NA,NA
NA,NA,NA,NA,Mxd3,Xbp1,Psat1,NA,NA,NA
NA,NA,NA,NA,Mxra8,Xcr1,Psen2,NA,NA,NA
NA,NA,NA,NA,Myadm,Xk,Psmb10,NA,NA,NA
NA,NA,NA,NA,Mybbp1a,Xkr8,Pspc1,NA,NA,NA
NA,NA,NA,NA,Mybl1,Xpnpep2,Ptger4,NA,NA,NA
NA,NA,NA,NA,Mybpc1,Xylb,Ptgir,NA,NA,NA
NA,NA,NA,NA,Mybph,Zbtb26,Ptgs2,NA,NA,NA
NA,NA,NA,NA,Myc,Zbtb38,Ptk2b,NA,NA,NA
NA,NA,NA,NA,Mycl,Zbtb43,Ptk7,NA,NA,NA
NA,NA,NA,NA,Myct1,Zcchc11,Ptma,NA,NA,NA
NA,NA,NA,NA,Myef2,Zdhhc23,Ptpn14,NA,NA,NA
NA,NA,NA,NA,Myh1,Zfat,Ptpre,NA,NA,NA
NA,NA,NA,NA,Myh10,Zfp213,Ptprn,NA,NA,NA
NA,NA,NA,NA,Myh9,Zfp251,Ptpru,NA,NA,NA
NA,NA,NA,NA,Myh9l1,Zfp266,Ptprz1,NA,NA,NA
NA,NA,NA,NA,Myl12a,Zfp292,Ptrf,NA,NA,NA
NA,NA,NA,NA,Myl4,Zfp37,PVR,NA,NA,NA
NA,NA,NA,NA,Myo1c,Zfp386,Rab19,NA,NA,NA
NA,NA,NA,NA,Myo1f,Zfp394,Rab25,NA,NA,NA
NA,NA,NA,NA,Myo1g,Zfp467,Rab27b,NA,NA,NA
NA,NA,NA,NA,Myo5a,Zfp472,Rab30,NA,NA,NA
NA,NA,NA,NA,Myo7b,Zfp597,Rab31,NA,NA,NA
NA,NA,NA,NA,Myof,Zfp7,Rab32,NA,NA,NA
NA,NA,NA,NA,Myom1,Zfyve21,Rab3d,NA,NA,NA
NA,NA,NA,NA,Mypn,Zkscan5,Rab7b,NA,NA,NA
NA,NA,NA,NA,N4bp1,Zrsr1,Rad51,NA,NA,NA
NA,NA,NA,NA,N4bp3,NA,Ralyl,NA,NA,NA
NA,NA,NA,NA,Nacc1,NA,Rap1gap,NA,NA,NA
NA,NA,NA,NA,Nagk,NA,Rapgef3,NA,NA,NA
NA,NA,NA,NA,Nap1l3,NA,Rasa2,NA,NA,NA
NA,NA,NA,NA,Nav2,NA,Rasef,NA,NA,NA
NA,NA,NA,NA,Ncdn,NA,Rasgrf2,NA,NA,NA
NA,NA,NA,NA,Nceh1,NA,Rasgrp4,NA,NA,NA
NA,NA,NA,NA,Ncf1,NA,Rasl10b,NA,NA,NA
NA,NA,NA,NA,Ncf2,NA,Rasl11b,NA,NA,NA
NA,NA,NA,NA,Ncs1,NA,Rasl12,NA,NA,NA
NA,NA,NA,NA,Ndrg1,NA,Rassf8,NA,NA,NA
NA,NA,NA,NA,Ndufaf4,NA,Rbm3,NA,NA,NA
NA,NA,NA,NA,Nek2,NA,Rbm43,NA,NA,NA
NA,NA,NA,NA,Nek6,NA,Rbp2,NA,NA,NA
NA,NA,NA,NA,Nenf,NA,Rbpj,NA,NA,NA
NA,NA,NA,NA,Nes,NA,Rbpjl,NA,NA,NA
NA,NA,NA,NA,Neurl3,NA,Rcn1,NA,NA,NA
NA,NA,NA,NA,Nfkb1,NA,Rcn2,NA,NA,NA
NA,NA,NA,NA,Nfkb2,NA,Rcn3,NA,NA,NA
NA,NA,NA,NA,Nfkbia,NA,Rec8,NA,NA,NA
NA,NA,NA,NA,Nfkbie,NA,Reck,NA,NA,NA
NA,NA,NA,NA,Niacr1,NA,Recql4,NA,NA,NA
NA,NA,NA,NA,Nin,NA,Reep5,NA,NA,NA
NA,NA,NA,NA,Nipal2,NA,Relt,NA,NA,NA
NA,NA,NA,NA,Nle1,NA,Rem2,NA,NA,NA
NA,NA,NA,NA,Nme1,NA,Rftn1,NA,NA,NA
NA,NA,NA,NA,Nmt2,NA,Rfx5,NA,NA,NA
NA,NA,NA,NA,Nol10,NA,RGD1304624,NA,NA,NA
NA,NA,NA,NA,Nol3,NA,RGD1304694,NA,NA,NA
NA,NA,NA,NA,Nolc1,NA,RGD1304810,NA,NA,NA
NA,NA,NA,NA,Nop14,NA,RGD1305928,NA,NA,NA
NA,NA,NA,NA,Nop2,NA,RGD1306739,NA,NA,NA
NA,NA,NA,NA,Nop56,NA,RGD1307315,NA,NA,NA
NA,NA,NA,NA,Nop58,NA,RGD1311739,NA,NA,NA
NA,NA,NA,NA,Nos1,NA,RGD1311756,NA,NA,NA
NA,NA,NA,NA,Nos2,NA,RGD1311946,NA,NA,NA
NA,NA,NA,NA,Notch2,NA,RGD1359127,NA,NA,NA
NA,NA,NA,NA,Np4,NA,RGD1561149,NA,NA,NA
NA,NA,NA,NA,Npas2,NA,RGD1561849,NA,NA,NA
NA,NA,NA,NA,Npdc1,NA,RGD1562284,NA,NA,NA
NA,NA,NA,NA,Npffr2,NA,RGD1562608,NA,NA,NA
NA,NA,NA,NA,Nr2c2ap,NA,RGD1562699,NA,NA,NA
NA,NA,NA,NA,Nr4a1,NA,RGD1564124,NA,NA,NA
NA,NA,NA,NA,Nradd,NA,RGD1564664,NA,NA,NA
NA,NA,NA,NA,Nrg1,NA,RGD1565355,NA,NA,NA
NA,NA,NA,NA,Nrp2,NA,RGD1565367,NA,NA,NA
NA,NA,NA,NA,Nt5c,NA,RGD1566401,NA,NA,NA
NA,NA,NA,NA,Nt5c3b,NA,Rgs14,NA,NA,NA
NA,NA,NA,NA,Nuak1,NA,Rgs4,NA,NA,NA
NA,NA,NA,NA,Nudt13,NA,Rgs5,NA,NA,NA
NA,NA,NA,NA,Nudt7,NA,Rhbdf1,NA,NA,NA
NA,NA,NA,NA,Nup205,NA,Rhbdf2,NA,NA,NA
NA,NA,NA,NA,Nupr1,NA,Rhbg,NA,NA,NA
NA,NA,NA,NA,Nusap1,NA,Rhob,NA,NA,NA
NA,NA,NA,NA,Nxt1,NA,Rhoc,NA,NA,NA
NA,NA,NA,NA,Nyap1,NA,Rhoj,NA,NA,NA
NA,NA,NA,NA,Oasl2,NA,Rhoq,NA,NA,NA
NA,NA,NA,NA,Odc1,NA,Rhov,NA,NA,NA
NA,NA,NA,NA,Olfml2a,NA,Ric3,NA,NA,NA
NA,NA,NA,NA,Olfml2b,NA,Rims2,NA,NA,NA
NA,NA,NA,NA,Olr1,NA,Rin1,NA,NA,NA
NA,NA,NA,NA,Orai2,NA,Ripk2,NA,NA,NA
NA,NA,NA,NA,Orm1,NA,Ripk3,NA,NA,NA
NA,NA,NA,NA,Oscar,NA,Rmnd5b,NA,NA,NA
NA,NA,NA,NA,Osmr,NA,Rnd1,NA,NA,NA
NA,NA,NA,NA,Oxct1,NA,Rnf11l1,NA,NA,NA
NA,NA,NA,NA,P2rx5,NA,Rnf208,NA,NA,NA
NA,NA,NA,NA,P3h4,NA,Rnf219,NA,NA,NA
NA,NA,NA,NA,Pak1,NA,Rnpepl1,NA,NA,NA
NA,NA,NA,NA,Pak1ip1,NA,Robo2,NA,NA,NA
NA,NA,NA,NA,Palm,NA,Ros1,NA,NA,NA
NA,NA,NA,NA,Palm2,NA,Rp1,NA,NA,NA
NA,NA,NA,NA,Papss1,NA,Rps6ka2,NA,NA,NA
NA,NA,NA,NA,Paqr3,NA,Rps6ka3,NA,NA,NA
NA,NA,NA,NA,Paqr8,NA,Rrp9,NA,NA,NA
NA,NA,NA,NA,Parp14,NA,Rsad1,NA,NA,NA
NA,NA,NA,NA,Parp16,NA,RT1-M4,NA,NA,NA
NA,NA,NA,NA,Parp3,NA,Rtkn,NA,NA,NA
NA,NA,NA,NA,Parvb,NA,Rtn4,NA,NA,NA
NA,NA,NA,NA,Pax6,NA,Rtn4r,NA,NA,NA
NA,NA,NA,NA,Pax8,NA,Runx1,NA,NA,NA
NA,NA,NA,NA,Pbk,NA,S100a10,NA,NA,NA
NA,NA,NA,NA,Pcdh19,NA,S100a11,NA,NA,NA
NA,NA,NA,NA,Pcdhb20,NA,S100a16,NA,NA,NA
NA,NA,NA,NA,Pcdhb21,NA,S100a4,NA,NA,NA
NA,NA,NA,NA,Pcdhga10,NA,S100a6,NA,NA,NA
NA,NA,NA,NA,Pcdhga11,NA,S100a8,NA,NA,NA
NA,NA,NA,NA,Pcdhga12,NA,S100a9,NA,NA,NA
NA,NA,NA,NA,Pcdhga2,NA,S1pr2,NA,NA,NA
NA,NA,NA,NA,Pcdhga5,NA,Sall2,NA,NA,NA
NA,NA,NA,NA,Pcdhga7,NA,Samd4a,NA,NA,NA
NA,NA,NA,NA,Pcdhga9,NA,Sat1,NA,NA,NA
NA,NA,NA,NA,Pcdhgb7,NA,Scamp5,NA,NA,NA
NA,NA,NA,NA,Pcolce,NA,Scara3,NA,NA,NA
NA,NA,NA,NA,Pcp4l1,NA,Scara5,NA,NA,NA
NA,NA,NA,NA,Pcyox1l,NA,Scarf2,NA,NA,NA
NA,NA,NA,NA,Pdcl3,NA,Scd2,NA,NA,NA
NA,NA,NA,NA,Pde10a,NA,Schip1,NA,NA,NA
NA,NA,NA,NA,Pde5a,NA,Scn3a,NA,NA,NA
NA,NA,NA,NA,Pde9a,NA,Scn7a,NA,NA,NA
NA,NA,NA,NA,Pdgfa,NA,Sctr,NA,NA,NA
NA,NA,NA,NA,Pdgfb,NA,Scube1,NA,NA,NA
NA,NA,NA,NA,Pdgfd,NA,Sdc1,NA,NA,NA
NA,NA,NA,NA,Pdgfra,NA,Sdk2,NA,NA,NA
NA,NA,NA,NA,Pdgfrb,NA,Sele,NA,NA,NA
NA,NA,NA,NA,Pdk3,NA,Selm,NA,NA,NA
NA,NA,NA,NA,Pdlim1,NA,Sema3b,NA,NA,NA
NA,NA,NA,NA,Pdlim2,NA,Sema3c,NA,NA,NA
NA,NA,NA,NA,Pdlim4,NA,Sema3e,NA,NA,NA
NA,NA,NA,NA,Pdlim7,NA,Sema3f,NA,NA,NA
NA,NA,NA,NA,Peak1,NA,Sema3g,NA,NA,NA
NA,NA,NA,NA,Penk,NA,Sema4a,NA,NA,NA
NA,NA,NA,NA,Perp,NA,Sema5a,NA,NA,NA
NA,NA,NA,NA,Pfkfb3,NA,Sema7a,NA,NA,NA
NA,NA,NA,NA,Pfkp,NA,Sep-11,NA,NA,NA
NA,NA,NA,NA,Pgam1,NA,Sep-08,NA,NA,NA
NA,NA,NA,NA,Pgam5,NA,Serinc2,NA,NA,NA
NA,NA,NA,NA,Pgd,NA,Serpinb1a,NA,NA,NA
NA,NA,NA,NA,Pgm2,NA,Serpinb5,NA,NA,NA
NA,NA,NA,NA,Phactr2,NA,Serpinb8,NA,NA,NA
NA,NA,NA,NA,Phc2,NA,Serpinb9,NA,NA,NA
NA,NA,NA,NA,Phlda1,NA,Serpine1,NA,NA,NA
NA,NA,NA,NA,Phlda2,NA,Serpinh1,NA,NA,NA
NA,NA,NA,NA,Phldb1,NA,Sertad1,NA,NA,NA
NA,NA,NA,NA,Piezo1,NA,Sertad4,NA,NA,NA
NA,NA,NA,NA,Pih1d2,NA,Sesn3,NA,NA,NA
NA,NA,NA,NA,Pik3c2b,NA,Sestd1,NA,NA,NA
NA,NA,NA,NA,Pik3r5,NA,Sfrp2,NA,NA,NA
NA,NA,NA,NA,Pkd2,NA,Sfxn3,NA,NA,NA
NA,NA,NA,NA,Pkia,NA,Sgcb,NA,NA,NA
NA,NA,NA,NA,Pkm,NA,Sgms2,NA,NA,NA
NA,NA,NA,NA,Pkp2,NA,Sh3bgr,NA,NA,NA
NA,NA,NA,NA,Pla1a,NA,Sh3bgrl2,NA,NA,NA
NA,NA,NA,NA,Pla2g7,NA,Sh3bp4,NA,NA,NA
NA,NA,NA,NA,Plat,NA,Sh3gl2,NA,NA,NA
NA,NA,NA,NA,Plau,NA,Sh3rf2,NA,NA,NA
NA,NA,NA,NA,Plaur,NA,Sh3yl1,NA,NA,NA
NA,NA,NA,NA,Plcd1,NA,Shtn1,NA,NA,NA
NA,NA,NA,NA,Plce1,NA,Sirpa,NA,NA,NA
NA,NA,NA,NA,Plch1,NA,Ska2,NA,NA,NA
NA,NA,NA,NA,Plcxd3,NA,Slc10a2,NA,NA,NA
NA,NA,NA,NA,Pld1,NA,Slc12a2,NA,NA,NA
NA,NA,NA,NA,Plek2,NA,Slc14a1,NA,NA,NA
NA,NA,NA,NA,Plekha1,NA,Slc1a2,NA,NA,NA
NA,NA,NA,NA,Plekha4,NA,Slc1a5,NA,NA,NA
NA,NA,NA,NA,Plekhg1,NA,Slc20a1,NA,NA,NA
NA,NA,NA,NA,Plekhg2,NA,Slc22a15,NA,NA,NA
NA,NA,NA,NA,Plekhh1,NA,Slc23a3,NA,NA,NA
NA,NA,NA,NA,Plekhs1,NA,Slc25a24,NA,NA,NA
NA,NA,NA,NA,Plet1,NA,Slc25a27,NA,NA,NA
NA,NA,NA,NA,Plin2,NA,Slc25a4,NA,NA,NA
NA,NA,NA,NA,Plin5,NA,Slc26a9,NA,NA,NA
NA,NA,NA,NA,Plk1,NA,Slc29a3,NA,NA,NA
NA,NA,NA,NA,Plk3,NA,Slc34a2,NA,NA,NA
NA,NA,NA,NA,Plod2,NA,Slc36a2,NA,NA,NA
NA,NA,NA,NA,Plp2,NA,Slc36a4,NA,NA,NA
NA,NA,NA,NA,Plscr1,NA,Slc39a10,NA,NA,NA
NA,NA,NA,NA,Plscr3,NA,Slc39a5,NA,NA,NA
NA,NA,NA,NA,Plscr4,NA,Slc3a2,NA,NA,NA
NA,NA,NA,NA,Plxna3,NA,Slc4a3,NA,NA,NA
NA,NA,NA,NA,Pmepa1,NA,Slc4a4,NA,NA,NA
NA,NA,NA,NA,Pmp22,NA,Slc5a1,NA,NA,NA
NA,NA,NA,NA,Pmvk,NA,Slc5a10,NA,NA,NA
NA,NA,NA,NA,Pnliprp2,NA,Slc5a9,NA,NA,NA
NA,NA,NA,NA,Pno1,NA,Slc7a1,NA,NA,NA
NA,NA,NA,NA,Pnoc,NA,Slc7a11,NA,NA,NA
NA,NA,NA,NA,Pnpla5,NA,Slc7a5,NA,NA,NA
NA,NA,NA,NA,Pnrc1,NA,Slc7a6,NA,NA,NA
NA,NA,NA,NA,Polb,NA,Slco3a1,NA,NA,NA
NA,NA,NA,NA,Polr3g,NA,Slfnl1,NA,NA,NA
NA,NA,NA,NA,Popdc2,NA,Slit2,NA,NA,NA
NA,NA,NA,NA,Postn,NA,Slitrk4,NA,NA,NA
NA,NA,NA,NA,Ppapdc2,NA,Smarcd1,NA,NA,NA
NA,NA,NA,NA,Ppic,NA,Smoc2,NA,NA,NA
NA,NA,NA,NA,Ppil1,NA,Smox,NA,NA,NA
NA,NA,NA,NA,Ppil3,NA,Smpd3,NA,NA,NA
NA,NA,NA,NA,Ppl,NA,Smtnl2,NA,NA,NA
NA,NA,NA,NA,Ppp1r14b,NA,Snai1,NA,NA,NA
NA,NA,NA,NA,Ppp1r14c,NA,Sncaip,NA,NA,NA
NA,NA,NA,NA,Ppp1r15a,NA,Sncg,NA,NA,NA
NA,NA,NA,NA,Ppp2ca,NA,Sned1,NA,NA,NA
NA,NA,NA,NA,Ppp2cb,NA,Snhg11,NA,NA,NA
NA,NA,NA,NA,Ppp2r1b,NA,Snx10,NA,NA,NA
NA,NA,NA,NA,Ppp2r2d,NA,Snx12,NA,NA,NA
NA,NA,NA,NA,Pprc1,NA,Snx29,NA,NA,NA
NA,NA,NA,NA,Pqlc3,NA,Sod2,NA,NA,NA
NA,NA,NA,NA,Pragmin,NA,Sorcs1,NA,NA,NA
NA,NA,NA,NA,Prc1,NA,Sorcs2,NA,NA,NA
NA,NA,NA,NA,Prickle1,NA,Sowahc,NA,NA,NA
NA,NA,NA,NA,Prkaa1,NA,Sox4,NA,NA,NA
NA,NA,NA,NA,Prkab2,NA,Sox9,NA,NA,NA
NA,NA,NA,NA,Prkar1b,NA,Sparcl1,NA,NA,NA
NA,NA,NA,NA,Prkar2a,NA,Spata2L,NA,NA,NA
NA,NA,NA,NA,Prkca,NA,Spats1,NA,NA,NA
NA,NA,NA,NA,Prkci,NA,Spats2,NA,NA,NA
NA,NA,NA,NA,Prkd1,NA,Spdef,NA,NA,NA
NA,NA,NA,NA,Prkrir,NA,Specc1,NA,NA,NA
NA,NA,NA,NA,Prkx,NA,Speg,NA,NA,NA
NA,NA,NA,NA,Prmt3,NA,Sphk1,NA,NA,NA
NA,NA,NA,NA,Procr,NA,Spint1,NA,NA,NA
NA,NA,NA,NA,Prr13,NA,Spn,NA,NA,NA
NA,NA,NA,NA,Prr7,NA,Spns2,NA,NA,NA
NA,NA,NA,NA,Prrx1,NA,Spp1,NA,NA,NA
NA,NA,NA,NA,Prss22,NA,Spryd3,NA,NA,NA
NA,NA,NA,NA,Prss36,NA,Spsb4,NA,NA,NA
NA,NA,NA,NA,Prss8,NA,Sptan1,NA,NA,NA
NA,NA,NA,NA,Prtfdc1,NA,Sptbn4,NA,NA,NA
NA,NA,NA,NA,Psat1,NA,Sptssb,NA,NA,NA
NA,NA,NA,NA,Psca,NA,Src,NA,NA,NA
NA,NA,NA,NA,Psen2,NA,Srd5a3,NA,NA,NA
NA,NA,NA,NA,Psmb9,NA,Sri,NA,NA,NA
NA,NA,NA,NA,Psph,NA,Srpx,NA,NA,NA
NA,NA,NA,NA,Ptcd3,NA,Srpx2,NA,NA,NA
NA,NA,NA,NA,Ptger2,NA,Srxn1,NA,NA,NA
NA,NA,NA,NA,Ptger4,NA,Ssc5d,NA,NA,NA
NA,NA,NA,NA,Ptgfrn,NA,Sstr3,NA,NA,NA
NA,NA,NA,NA,Ptgs2,NA,St3gal2,NA,NA,NA
NA,NA,NA,NA,Ptk2b,NA,St3gal4,NA,NA,NA
NA,NA,NA,NA,Ptk7,NA,St6galnac2,NA,NA,NA
NA,NA,NA,NA,Ptpn23,NA,Stap1,NA,NA,NA
NA,NA,NA,NA,Ptpre,NA,Steap2,NA,NA,NA
NA,NA,NA,NA,Ptprr,NA,Steap4,NA,NA,NA
NA,NA,NA,NA,Ptprt,NA,Stk26,NA,NA,NA
NA,NA,NA,NA,Ptprv,NA,Stk39,NA,NA,NA
NA,NA,NA,NA,Ptrf,NA,Stk40,NA,NA,NA
NA,NA,NA,NA,Pus1,NA,Ston1,NA,NA,NA
NA,NA,NA,NA,PVR,NA,Stx1a,NA,NA,NA
NA,NA,NA,NA,Pwwp2b,NA,Stx1b,NA,NA,NA
NA,NA,NA,NA,Pxdn,NA,Stxbp1,NA,NA,NA
NA,NA,NA,NA,Pycr1,NA,Sulf1,NA,NA,NA
NA,NA,NA,NA,Pygb,NA,Sult2a2,NA,NA,NA
NA,NA,NA,NA,Qrfpr,NA,Sult2a6,NA,NA,NA
NA,NA,NA,NA,Rab11fip1,NA,Sult5a1,NA,NA,NA
NA,NA,NA,NA,Rab12,NA,Susd3,NA,NA,NA
NA,NA,NA,NA,Rab15,NA,Syde1,NA,NA,NA
NA,NA,NA,NA,Rab23,NA,Syn3,NA,NA,NA
NA,NA,NA,NA,Rab31,NA,Syne3,NA,NA,NA
NA,NA,NA,NA,Rab32,NA,Synj2,NA,NA,NA
NA,NA,NA,NA,Rab38,NA,Synpo,NA,NA,NA
NA,NA,NA,NA,Rab4a,NA,Synpo2,NA,NA,NA
NA,NA,NA,NA,Rab7b,NA,Syt1,NA,NA,NA
NA,NA,NA,NA,Rad18,NA,Syt7,NA,NA,NA
NA,NA,NA,NA,Rad51,NA,Tacc2,NA,NA,NA
NA,NA,NA,NA,Rai14,NA,Tacstd2,NA,NA,NA
NA,NA,NA,NA,Ralb,NA,Tagln,NA,NA,NA
NA,NA,NA,NA,Ralyl,NA,Tagln2,NA,NA,NA
NA,NA,NA,NA,Ramp1,NA,Tax1bp3,NA,NA,NA
NA,NA,NA,NA,Ran,NA,Tbcel,NA,NA,NA
NA,NA,NA,NA,Ranbp1,NA,Tcf21,NA,NA,NA
NA,NA,NA,NA,Rap1gap,NA,Tcf3,NA,NA,NA
NA,NA,NA,NA,Rap2b,NA,Tcp11l1,NA,NA,NA
NA,NA,NA,NA,Rapgef3,NA,Tdh,NA,NA,NA
NA,NA,NA,NA,Rapgef5,NA,Tenm3,NA,NA,NA
NA,NA,NA,NA,Rarb,NA,Tes,NA,NA,NA
NA,NA,NA,NA,Rasa2,NA,Tex36,NA,NA,NA
NA,NA,NA,NA,Rasa3,NA,Tfcp2l1,NA,NA,NA
NA,NA,NA,NA,Rasef,NA,Tgfb1i1,NA,NA,NA
NA,NA,NA,NA,Rasl10b,NA,Tgm2,NA,NA,NA
NA,NA,NA,NA,Rasl11b,NA,Thbs1,NA,NA,NA
NA,NA,NA,NA,Rasl12,NA,Thsd1,NA,NA,NA
NA,NA,NA,NA,Rassf1,NA,Thy1,NA,NA,NA
NA,NA,NA,NA,Rassf8,NA,Tiam1,NA,NA,NA
NA,NA,NA,NA,Rassf9,NA,Tigar,NA,NA,NA
NA,NA,NA,NA,Rbbp8,NA,Timp1,NA,NA,NA
NA,NA,NA,NA,Rbm3,NA,Timp3,NA,NA,NA
NA,NA,NA,NA,Rbpjl,NA,Tll1,NA,NA,NA
NA,NA,NA,NA,Rcan3,NA,Tm4sf1,NA,NA,NA
NA,NA,NA,NA,Rcn1,NA,Tm4sf19,NA,NA,NA
NA,NA,NA,NA,Rdh13,NA,Tm4sf20,NA,NA,NA
NA,NA,NA,NA,Rec8,NA,Tm6sf1,NA,NA,NA
NA,NA,NA,NA,Reck,NA,Tm7sf3,NA,NA,NA
NA,NA,NA,NA,Reep5,NA,Tmbim1,NA,NA,NA
NA,NA,NA,NA,Reep6,NA,Tmc4,NA,NA,NA
NA,NA,NA,NA,Rem1,NA,Tmc5,NA,NA,NA
NA,NA,NA,NA,Rem2,NA,Tmem119,NA,NA,NA
NA,NA,NA,NA,Rfx5,NA,Tmem120a,NA,NA,NA
NA,NA,NA,NA,Rgcc,NA,Tmem151a,NA,NA,NA
NA,NA,NA,NA,RGD1304810,NA,Tmem154,NA,NA,NA
NA,NA,NA,NA,RGD1305110,NA,Tmem171,NA,NA,NA
NA,NA,NA,NA,RGD1305464,NA,Tmem179,NA,NA,NA
NA,NA,NA,NA,RGD1305928,NA,Tmem184a,NA,NA,NA
NA,NA,NA,NA,RGD1306058,NA,Tmem184b,NA,NA,NA
NA,NA,NA,NA,RGD1306151,NA,Tmem237,NA,NA,NA
NA,NA,NA,NA,RGD1307315,NA,Tmem67,NA,NA,NA
NA,NA,NA,NA,RGD1308117,NA,Tmem72,NA,NA,NA
NA,NA,NA,NA,RGD1311739,NA,Tmsb10,NA,NA,NA
NA,NA,NA,NA,RGD1311946,NA,Tnc,NA,NA,NA
NA,NA,NA,NA,RGD1359127,NA,Tnf,NA,NA,NA
NA,NA,NA,NA,RGD1559482,NA,Tnfaip2,NA,NA,NA
NA,NA,NA,NA,RGD1560010,NA,Tnfaip6,NA,NA,NA
NA,NA,NA,NA,RGD1560108,NA,Tnfaip8,NA,NA,NA
NA,NA,NA,NA,RGD1561149,NA,Tnfrsf12a,NA,NA,NA
NA,NA,NA,NA,RGD1561161,NA,Tnfrsf21,NA,NA,NA
NA,NA,NA,NA,RGD1561849,NA,Tnfrsf9,NA,NA,NA
NA,NA,NA,NA,RGD1562079,NA,Tnk1,NA,NA,NA
NA,NA,NA,NA,RGD1562136,NA,Tnnt2,NA,NA,NA
NA,NA,NA,NA,RGD1563072,NA,Tns3,NA,NA,NA
NA,NA,NA,NA,RGD1564450,NA,Tns4,NA,NA,NA
NA,NA,NA,NA,RGD1564664,NA,Tnxa-ps1,NA,NA,NA
NA,NA,NA,NA,RGD1565355,NA,Tox,NA,NA,NA
NA,NA,NA,NA,Rgma,NA,Tp53,NA,NA,NA
NA,NA,NA,NA,Rgs1,NA,Tpbg,NA,NA,NA
NA,NA,NA,NA,Rgs19,NA,Tpd52l1,NA,NA,NA
NA,NA,NA,NA,Rgs2,NA,Tpm1,NA,NA,NA
NA,NA,NA,NA,Rgs4,NA,Tpm2,NA,NA,NA
NA,NA,NA,NA,Rgs5,NA,Tpm4,NA,NA,NA
NA,NA,NA,NA,Rhbdf1,NA,Tppp3,NA,NA,NA
NA,NA,NA,NA,Rhbdf2,NA,Traf3,NA,NA,NA
NA,NA,NA,NA,Rhob,NA,Trak2,NA,NA,NA
NA,NA,NA,NA,Rhoc,NA,Trem1,NA,NA,NA
NA,NA,NA,NA,Rhoq,NA,Trem3,NA,NA,NA
NA,NA,NA,NA,Rims2,NA,Tril,NA,NA,NA
NA,NA,NA,NA,Rin1,NA,Trim24,NA,NA,NA
NA,NA,NA,NA,Rinl,NA,Trim35,NA,NA,NA
NA,NA,NA,NA,Ripk2,NA,Trim46,NA,NA,NA
NA,NA,NA,NA,Ripk3,NA,Trim47,NA,NA,NA
NA,NA,NA,NA,Rmnd5b,NA,Trip6,NA,NA,NA
NA,NA,NA,NA,Rnd1,NA,Trmt6,NA,NA,NA
NA,NA,NA,NA,Rnf11l1,NA,Trpc6,NA,NA,NA
NA,NA,NA,NA,Rnf19b,NA,Trpm4,NA,NA,NA
NA,NA,NA,NA,Rnf4,NA,Trpv2,NA,NA,NA
NA,NA,NA,NA,Rnf8,NA,Tsc22d1,NA,NA,NA
NA,NA,NA,NA,Robo4,NA,Tsc22d4,NA,NA,NA
NA,NA,NA,NA,Ropn1,NA,Tshz3,NA,NA,NA
NA,NA,NA,NA,Rp1,NA,Tspan11,NA,NA,NA
NA,NA,NA,NA,Rph3al,NA,Tspan17,NA,NA,NA
NA,NA,NA,NA,Rpia,NA,Tspan2,NA,NA,NA
NA,NA,NA,NA,Rpp38,NA,Tspan8,NA,NA,NA
NA,NA,NA,NA,Rprm,NA,Tspan9,NA,NA,NA
NA,NA,NA,NA,Rps6ka2,NA,Tspo,NA,NA,NA
NA,NA,NA,NA,Rps6ka3,NA,Tsx,NA,NA,NA
NA,NA,NA,NA,Rras,NA,Ttbk1,NA,NA,NA
NA,NA,NA,NA,Rsad1,NA,Ttc12,NA,NA,NA
NA,NA,NA,NA,RT1-A3,NA,Ttc26,NA,NA,NA
NA,NA,NA,NA,RT1-Bb,NA,Ttc39a,NA,NA,NA
NA,NA,NA,NA,RT1-CE14,NA,Ttc8,NA,NA,NA
NA,NA,NA,NA,RT1-CE4,NA,Ttc9,NA,NA,NA
NA,NA,NA,NA,RT1-M4,NA,Ttll10,NA,NA,NA
NA,NA,NA,NA,Rtkn,NA,Tuba1a,NA,NA,NA
NA,NA,NA,NA,Rtn4,NA,Tuba1b,NA,NA,NA
NA,NA,NA,NA,Runx1,NA,Tubb2a,NA,NA,NA
NA,NA,NA,NA,S100a10,NA,Tubb2b,NA,NA,NA
NA,NA,NA,NA,S100a11,NA,Tubb4b,NA,NA,NA
NA,NA,NA,NA,S100a16,NA,Tubb6,NA,NA,NA
NA,NA,NA,NA,S100a4,NA,Tuft1,NA,NA,NA
NA,NA,NA,NA,S100a6,NA,Tusc3,NA,NA,NA
NA,NA,NA,NA,S100a8,NA,Txndc5,NA,NA,NA
NA,NA,NA,NA,S100a9,NA,Ube3d,NA,NA,NA
NA,NA,NA,NA,S1pr2,NA,Uck2,NA,NA,NA
NA,NA,NA,NA,S1pr5,NA,Ugcg,NA,NA,NA
NA,NA,NA,NA,Samd10,NA,Ugt1a2,NA,NA,NA
NA,NA,NA,NA,Samd4a,NA,Ugt1a9,NA,NA,NA
NA,NA,NA,NA,Samsn1,NA,Uhrf1,NA,NA,NA
NA,NA,NA,NA,Sapcd2,NA,Unc13b,NA,NA,NA
NA,NA,NA,NA,Sarm1,NA,Unc5b,NA,NA,NA
NA,NA,NA,NA,Sat1,NA,Unc5cl,NA,NA,NA
NA,NA,NA,NA,Scamp5,NA,Urm1,NA,NA,NA
NA,NA,NA,NA,Scara5,NA,Usp13,NA,NA,NA
NA,NA,NA,NA,Scd1,NA,Usp43,NA,NA,NA
NA,NA,NA,NA,Scd2,NA,Usp54,NA,NA,NA
NA,NA,NA,NA,Schip1,NA,Utp18,NA,NA,NA
NA,NA,NA,NA,Scn5a,NA,Vamp1,NA,NA,NA
NA,NA,NA,NA,Sctr,NA,Vars,NA,NA,NA
NA,NA,NA,NA,Sdad1,NA,Vcan,NA,NA,NA
NA,NA,NA,NA,Sdc1,NA,Vil1,NA,NA,NA
NA,NA,NA,NA,Sdc4,NA,Vim,NA,NA,NA
NA,NA,NA,NA,Sdcbp,NA,Vipr2,NA,NA,NA
NA,NA,NA,NA,Sdcbp2,NA,Vldlr,NA,NA,NA
NA,NA,NA,NA,Sdr16c6,NA,Vnn1,NA,NA,NA
NA,NA,NA,NA,Sec14l1,NA,Vopp1,NA,NA,NA
NA,NA,NA,NA,Sec22b,NA,Vps36,NA,NA,NA
NA,NA,NA,NA,Selm,NA,Vsig10,NA,NA,NA
NA,NA,NA,NA,Sema3b,NA,Vsx1,NA,NA,NA
NA,NA,NA,NA,Sema3c,NA,Vtcn1,NA,NA,NA
NA,NA,NA,NA,Sema4d,NA,Vwa7,NA,NA,NA
NA,NA,NA,NA,Sema6b,NA,Vwf,NA,NA,NA
NA,NA,NA,NA,Sep-11,NA,Wars,NA,NA,NA
NA,NA,NA,NA,Sep-05,NA,Wbp5,NA,NA,NA
NA,NA,NA,NA,Serinc2,NA,Wbscr17,NA,NA,NA
NA,NA,NA,NA,Serpina3n,NA,Wdr1,NA,NA,NA
NA,NA,NA,NA,Serpinb5,NA,Wdr35l,NA,NA,NA
NA,NA,NA,NA,Serpinb8,NA,Wdr4,NA,NA,NA
NA,NA,NA,NA,Serpinb9,NA,Wfdc21,NA,NA,NA
NA,NA,NA,NA,Serpine1,NA,Wisp2,NA,NA,NA
NA,NA,NA,NA,Serpinh1,NA,Wnk2,NA,NA,NA
NA,NA,NA,NA,Sertad1,NA,Wnt5a,NA,NA,NA
NA,NA,NA,NA,Sesn3,NA,Wnt7a,NA,NA,NA
NA,NA,NA,NA,Setd8,NA,Wt1,NA,NA,NA
NA,NA,NA,NA,Sfrp1,NA,Xirp2,NA,NA,NA
NA,NA,NA,NA,Sfxn3,NA,Yars,NA,NA,NA
NA,NA,NA,NA,Sfxn4,NA,Ypel4,NA,NA,NA
NA,NA,NA,NA,Sgcb,NA,Ywhah,NA,NA,NA
NA,NA,NA,NA,Sgcg,NA,Zc2hc1a,NA,NA,NA
NA,NA,NA,NA,Sgms2,NA,Zc3h12a,NA,NA,NA
NA,NA,NA,NA,Sh3bgrl2,NA,Zc3h12d,NA,NA,NA
NA,NA,NA,NA,Sh3bgrl3,NA,Zdhhc2,NA,NA,NA
NA,NA,NA,NA,Sh3bp4,NA,Zfand2a,NA,NA,NA
NA,NA,NA,NA,Sh3yl1,NA,Zfp202,NA,NA,NA
NA,NA,NA,NA,Shank3,NA,Zfp287,NA,NA,NA
NA,NA,NA,NA,Shtn1,NA,Zfp367,NA,NA,NA
NA,NA,NA,NA,Sipa1l3,NA,Zfp385d,NA,NA,NA
NA,NA,NA,NA,Sirpa,NA,Zfp39,NA,NA,NA
NA,NA,NA,NA,Sla,NA,Zfp521,NA,NA,NA
NA,NA,NA,NA,Slamf6,NA,Zfp579,NA,NA,NA
NA,NA,NA,NA,Slamf9,NA,Zfp90,NA,NA,NA
NA,NA,NA,NA,Slc10a2,NA,Zfpm2,NA,NA,NA
NA,NA,NA,NA,Slc10a3,NA,Zmat3,NA,NA,NA
NA,NA,NA,NA,Slc12a8,NA,Zwint,NA,NA,NA
NA,NA,NA,NA,Slc15a3,NA,Zyx,NA,NA,NA
NA,NA,NA,NA,Slc16a1,NA,NA,NA,NA,NA
NA,NA,NA,NA,Slc16a3,NA,NA,NA,NA,NA
NA,NA,NA,NA,Slc1a5,NA,NA,NA,NA,NA
NA,NA,NA,NA,Slc20a1,NA,NA,NA,NA,NA
NA,NA,NA,NA,Slc23a3,NA,NA,NA,NA,NA
NA,NA,NA,NA,Slc24a4,NA,NA,NA,NA,NA
NA,NA,NA,NA,Slc25a24,NA,NA,NA,NA,NA
NA,NA,NA,NA,Slc25a4,NA,NA,NA,NA,NA
NA,NA,NA,NA,Slc25a47,NA,NA,NA,NA,NA
NA,NA,NA,NA,Slc28a2,NA,NA,NA,NA,NA
NA,NA,NA,NA,Slc34a2,NA,NA,NA,NA,NA
NA,NA,NA,NA,Slc36a2,NA,NA,NA,NA,NA
NA,NA,NA,NA,Slc36a4,NA,NA,NA,NA,NA
NA,NA,NA,NA,Slc37a2,NA,NA,NA,NA,NA
NA,NA,NA,NA,Slc39a10,NA,NA,NA,NA,NA
NA,NA,NA,NA,Slc39a6,NA,NA,NA,NA,NA
NA,NA,NA,NA,Slc4a4,NA,NA,NA,NA,NA
NA,NA,NA,NA,Slc4a5,NA,NA,NA,NA,NA
NA,NA,NA,NA,Slc5a9,NA,NA,NA,NA,NA
NA,NA,NA,NA,Slc6a6,NA,NA,NA,NA,NA
NA,NA,NA,NA,Slc6a8,NA,NA,NA,NA,NA
NA,NA,NA,NA,Slc7a1,NA,NA,NA,NA,NA
NA,NA,NA,NA,Slc7a11,NA,NA,NA,NA,NA
NA,NA,NA,NA,Slc7a15,NA,NA,NA,NA,NA
NA,NA,NA,NA,Slc7a5,NA,NA,NA,NA,NA
NA,NA,NA,NA,Slc7a6,NA,NA,NA,NA,NA
NA,NA,NA,NA,Slc7a8,NA,NA,NA,NA,NA
NA,NA,NA,NA,Slfn2,NA,NA,NA,NA,NA
NA,NA,NA,NA,Slx4ip,NA,NA,NA,NA,NA
NA,NA,NA,NA,Smim3,NA,NA,NA,NA,NA
NA,NA,NA,NA,Smoc2,NA,NA,NA,NA,NA
NA,NA,NA,NA,Smox,NA,NA,NA,NA,NA
NA,NA,NA,NA,Smpd3,NA,NA,NA,NA,NA
NA,NA,NA,NA,Smtnl2,NA,NA,NA,NA,NA
NA,NA,NA,NA,Smyd5,NA,NA,NA,NA,NA
NA,NA,NA,NA,Snai1,NA,NA,NA,NA,NA
NA,NA,NA,NA,Snrpd1,NA,NA,NA,NA,NA
NA,NA,NA,NA,Sntb1,NA,NA,NA,NA,NA
NA,NA,NA,NA,Snx12,NA,NA,NA,NA,NA
NA,NA,NA,NA,Snx7,NA,NA,NA,NA,NA
NA,NA,NA,NA,Soat1,NA,NA,NA,NA,NA
NA,NA,NA,NA,Sod2,NA,NA,NA,NA,NA
NA,NA,NA,NA,Sorcs1,NA,NA,NA,NA,NA
NA,NA,NA,NA,Sorcs2,NA,NA,NA,NA,NA
NA,NA,NA,NA,Sowahc,NA,NA,NA,NA,NA
NA,NA,NA,NA,Sox4,NA,NA,NA,NA,NA
NA,NA,NA,NA,Sox9,NA,NA,NA,NA,NA
NA,NA,NA,NA,Sp110,NA,NA,NA,NA,NA
NA,NA,NA,NA,Sp140,NA,NA,NA,NA,NA
NA,NA,NA,NA,Spag9,NA,NA,NA,NA,NA
NA,NA,NA,NA,Sparc,NA,NA,NA,NA,NA
NA,NA,NA,NA,Sparcl1,NA,NA,NA,NA,NA
NA,NA,NA,NA,Spata2L,NA,NA,NA,NA,NA
NA,NA,NA,NA,Spats2,NA,NA,NA,NA,NA
NA,NA,NA,NA,Spats2l,NA,NA,NA,NA,NA
NA,NA,NA,NA,Specc1,NA,NA,NA,NA,NA
NA,NA,NA,NA,Spef1,NA,NA,NA,NA,NA
NA,NA,NA,NA,Sphk1,NA,NA,NA,NA,NA
NA,NA,NA,NA,Spink3,NA,NA,NA,NA,NA
NA,NA,NA,NA,Spn,NA,NA,NA,NA,NA
NA,NA,NA,NA,Spp1,NA,NA,NA,NA,NA
NA,NA,NA,NA,Spryd3,NA,NA,NA,NA,NA
NA,NA,NA,NA,Spsb1,NA,NA,NA,NA,NA
NA,NA,NA,NA,Spsb4,NA,NA,NA,NA,NA
NA,NA,NA,NA,Sptan1,NA,NA,NA,NA,NA
NA,NA,NA,NA,Sptbn1,NA,NA,NA,NA,NA
NA,NA,NA,NA,Sptlc2,NA,NA,NA,NA,NA
NA,NA,NA,NA,Sqstm1,NA,NA,NA,NA,NA
NA,NA,NA,NA,Src,NA,NA,NA,NA,NA
NA,NA,NA,NA,Srd5a3,NA,NA,NA,NA,NA
NA,NA,NA,NA,Srf,NA,NA,NA,NA,NA
NA,NA,NA,NA,Sri,NA,NA,NA,NA,NA
NA,NA,NA,NA,Srms,NA,NA,NA,NA,NA
NA,NA,NA,NA,Srpx2,NA,NA,NA,NA,NA
NA,NA,NA,NA,Srxn1,NA,NA,NA,NA,NA
NA,NA,NA,NA,Ss18,NA,NA,NA,NA,NA
NA,NA,NA,NA,Ssbp4,NA,NA,NA,NA,NA
NA,NA,NA,NA,Ssc5d,NA,NA,NA,NA,NA
NA,NA,NA,NA,Sstr3,NA,NA,NA,NA,NA
NA,NA,NA,NA,St3gal2,NA,NA,NA,NA,NA
NA,NA,NA,NA,St3gal4,NA,NA,NA,NA,NA
NA,NA,NA,NA,St3gal5,NA,NA,NA,NA,NA
NA,NA,NA,NA,St6galnac2,NA,NA,NA,NA,NA
NA,NA,NA,NA,Stac2,NA,NA,NA,NA,NA
NA,NA,NA,NA,Stap1,NA,NA,NA,NA,NA
NA,NA,NA,NA,Stat3,NA,NA,NA,NA,NA
NA,NA,NA,NA,Steap1,NA,NA,NA,NA,NA
NA,NA,NA,NA,Steap2,NA,NA,NA,NA,NA
NA,NA,NA,NA,Steap4,NA,NA,NA,NA,NA
NA,NA,NA,NA,Stk40,NA,NA,NA,NA,NA
NA,NA,NA,NA,Stom,NA,NA,NA,NA,NA
NA,NA,NA,NA,Stoml1,NA,NA,NA,NA,NA
NA,NA,NA,NA,Ston1,NA,NA,NA,NA,NA
NA,NA,NA,NA,Stxbp1,NA,NA,NA,NA,NA
NA,NA,NA,NA,Sulf1,NA,NA,NA,NA,NA
NA,NA,NA,NA,Sult2a2,NA,NA,NA,NA,NA
NA,NA,NA,NA,Sult2a6,NA,NA,NA,NA,NA
NA,NA,NA,NA,Sult4a1,NA,NA,NA,NA,NA
NA,NA,NA,NA,Svil,NA,NA,NA,NA,NA
NA,NA,NA,NA,Syde1,NA,NA,NA,NA,NA
NA,NA,NA,NA,Syn3,NA,NA,NA,NA,NA
NA,NA,NA,NA,Syne4,NA,NA,NA,NA,NA
NA,NA,NA,NA,Synj2,NA,NA,NA,NA,NA
NA,NA,NA,NA,Synpo,NA,NA,NA,NA,NA
NA,NA,NA,NA,Syt1,NA,NA,NA,NA,NA
NA,NA,NA,NA,Sytl4,NA,NA,NA,NA,NA
NA,NA,NA,NA,Tacc1,NA,NA,NA,NA,NA
NA,NA,NA,NA,Tacc2,NA,NA,NA,NA,NA
NA,NA,NA,NA,Tacr3,NA,NA,NA,NA,NA
NA,NA,NA,NA,Tagln,NA,NA,NA,NA,NA
NA,NA,NA,NA,Tagln2,NA,NA,NA,NA,NA
NA,NA,NA,NA,Tap1,NA,NA,NA,NA,NA
NA,NA,NA,NA,Tapbp,NA,NA,NA,NA,NA
NA,NA,NA,NA,Tax1bp3,NA,NA,NA,NA,NA
NA,NA,NA,NA,Tbc1d19,NA,NA,NA,NA,NA
NA,NA,NA,NA,Tbc1d2,NA,NA,NA,NA,NA
NA,NA,NA,NA,Tbcel,NA,NA,NA,NA,NA
NA,NA,NA,NA,Tbx1,NA,NA,NA,NA,NA
NA,NA,NA,NA,Tbx4,NA,NA,NA,NA,NA
NA,NA,NA,NA,Tcf4,NA,NA,NA,NA,NA
NA,NA,NA,NA,Tead2,NA,NA,NA,NA,NA
NA,NA,NA,NA,Tes,NA,NA,NA,NA,NA
NA,NA,NA,NA,Tex36,NA,NA,NA,NA,NA
NA,NA,NA,NA,Tfcp2l1,NA,NA,NA,NA,NA
NA,NA,NA,NA,Tfpi,NA,NA,NA,NA,NA
NA,NA,NA,NA,Tfpi2,NA,NA,NA,NA,NA
NA,NA,NA,NA,Tgfa,NA,NA,NA,NA,NA
NA,NA,NA,NA,Tgfb1i1,NA,NA,NA,NA,NA
NA,NA,NA,NA,Tgfb3,NA,NA,NA,NA,NA
NA,NA,NA,NA,Tgif1,NA,NA,NA,NA,NA
NA,NA,NA,NA,Tgm2,NA,NA,NA,NA,NA
NA,NA,NA,NA,Thbd,NA,NA,NA,NA,NA
NA,NA,NA,NA,Thbs1,NA,NA,NA,NA,NA
NA,NA,NA,NA,Thbs2,NA,NA,NA,NA,NA
NA,NA,NA,NA,Thbs4,NA,NA,NA,NA,NA
NA,NA,NA,NA,Them4,NA,NA,NA,NA,NA
NA,NA,NA,NA,Them5,NA,NA,NA,NA,NA
NA,NA,NA,NA,Them6,NA,NA,NA,NA,NA
NA,NA,NA,NA,Thg1l,NA,NA,NA,NA,NA
NA,NA,NA,NA,Thnsl1,NA,NA,NA,NA,NA
NA,NA,NA,NA,Thsd1,NA,NA,NA,NA,NA
NA,NA,NA,NA,Thy1,NA,NA,NA,NA,NA
NA,NA,NA,NA,Tiam1,NA,NA,NA,NA,NA
NA,NA,NA,NA,Tigar,NA,NA,NA,NA,NA
NA,NA,NA,NA,Timp1,NA,NA,NA,NA,NA
NA,NA,NA,NA,Timp2,NA,NA,NA,NA,NA
NA,NA,NA,NA,Timp3,NA,NA,NA,NA,NA
NA,NA,NA,NA,Tjp2,NA,NA,NA,NA,NA
NA,NA,NA,NA,Tjp3,NA,NA,NA,NA,NA
NA,NA,NA,NA,Tk1,NA,NA,NA,NA,NA
NA,NA,NA,NA,Tkt,NA,NA,NA,NA,NA
NA,NA,NA,NA,Tm4sf19,NA,NA,NA,NA,NA
NA,NA,NA,NA,Tm6sf1,NA,NA,NA,NA,NA
NA,NA,NA,NA,Tma16,NA,NA,NA,NA,NA
NA,NA,NA,NA,Tmbim1,NA,NA,NA,NA,NA
NA,NA,NA,NA,Tmcc3,NA,NA,NA,NA,NA
NA,NA,NA,NA,Tmem106a,NA,NA,NA,NA,NA
NA,NA,NA,NA,Tmem119,NA,NA,NA,NA,NA
NA,NA,NA,NA,Tmem120a,NA,NA,NA,NA,NA
NA,NA,NA,NA,Tmem151a,NA,NA,NA,NA,NA
NA,NA,NA,NA,Tmem171,NA,NA,NA,NA,NA
NA,NA,NA,NA,Tmem184b,NA,NA,NA,NA,NA
NA,NA,NA,NA,Tmem2,NA,NA,NA,NA,NA
NA,NA,NA,NA,Tmem237,NA,NA,NA,NA,NA
NA,NA,NA,NA,Tmem243,NA,NA,NA,NA,NA
NA,NA,NA,NA,Tmem252,NA,NA,NA,NA,NA
NA,NA,NA,NA,Tmem26,NA,NA,NA,NA,NA
NA,NA,NA,NA,Tmem41a,NA,NA,NA,NA,NA
NA,NA,NA,NA,Tmem43,NA,NA,NA,NA,NA
NA,NA,NA,NA,Tmem45a,NA,NA,NA,NA,NA
NA,NA,NA,NA,Tmem65,NA,NA,NA,NA,NA
NA,NA,NA,NA,Tmprss2,NA,NA,NA,NA,NA
NA,NA,NA,NA,Tmsb10,NA,NA,NA,NA,NA
NA,NA,NA,NA,Tnc,NA,NA,NA,NA,NA
NA,NA,NA,NA,Tnf,NA,NA,NA,NA,NA
NA,NA,NA,NA,Tnfaip1,NA,NA,NA,NA,NA
NA,NA,NA,NA,Tnfaip6,NA,NA,NA,NA,NA
NA,NA,NA,NA,Tnfaip8,NA,NA,NA,NA,NA
NA,NA,NA,NA,Tnfrsf10b,NA,NA,NA,NA,NA
NA,NA,NA,NA,Tnfrsf11b,NA,NA,NA,NA,NA
NA,NA,NA,NA,Tnfrsf12a,NA,NA,NA,NA,NA
NA,NA,NA,NA,Tnfrsf1b,NA,NA,NA,NA,NA
NA,NA,NA,NA,Tnfrsf21,NA,NA,NA,NA,NA
NA,NA,NA,NA,Tnfrsf8,NA,NA,NA,NA,NA
NA,NA,NA,NA,Tnfrsf9,NA,NA,NA,NA,NA
NA,NA,NA,NA,Tnfsf9,NA,NA,NA,NA,NA
NA,NA,NA,NA,Tnk2,NA,NA,NA,NA,NA
NA,NA,NA,NA,Tns3,NA,NA,NA,NA,NA
NA,NA,NA,NA,Top2a,NA,NA,NA,NA,NA
NA,NA,NA,NA,Tor3a,NA,NA,NA,NA,NA
NA,NA,NA,NA,Tp53,NA,NA,NA,NA,NA
NA,NA,NA,NA,Tp53i3,NA,NA,NA,NA,NA
NA,NA,NA,NA,Tpm1,NA,NA,NA,NA,NA
NA,NA,NA,NA,Tpm3,NA,NA,NA,NA,NA
NA,NA,NA,NA,Tpm4,NA,NA,NA,NA,NA
NA,NA,NA,NA,Tpx2,NA,NA,NA,NA,NA
NA,NA,NA,NA,Traf1,NA,NA,NA,NA,NA
NA,NA,NA,NA,Traf3,NA,NA,NA,NA,NA
NA,NA,NA,NA,Trafd1,NA,NA,NA,NA,NA
NA,NA,NA,NA,Trak2,NA,NA,NA,NA,NA
NA,NA,NA,NA,Trem1,NA,NA,NA,NA,NA
NA,NA,NA,NA,Trem2,NA,NA,NA,NA,NA
NA,NA,NA,NA,Trem3,NA,NA,NA,NA,NA
NA,NA,NA,NA,Trex1,NA,NA,NA,NA,NA
NA,NA,NA,NA,Tril,NA,NA,NA,NA,NA
NA,NA,NA,NA,Trim13,NA,NA,NA,NA,NA
NA,NA,NA,NA,Trim32,NA,NA,NA,NA,NA
NA,NA,NA,NA,Trim35,NA,NA,NA,NA,NA
NA,NA,NA,NA,Trim69,NA,NA,NA,NA,NA
NA,NA,NA,NA,Trip6,NA,NA,NA,NA,NA
NA,NA,NA,NA,Trmt10a,NA,NA,NA,NA,NA
NA,NA,NA,NA,Trmt6,NA,NA,NA,NA,NA
NA,NA,NA,NA,Trmt61a,NA,NA,NA,NA,NA
NA,NA,NA,NA,Trpm4,NA,NA,NA,NA,NA
NA,NA,NA,NA,Trpv2,NA,NA,NA,NA,NA
NA,NA,NA,NA,Trub1,NA,NA,NA,NA,NA
NA,NA,NA,NA,Tsc22d1,NA,NA,NA,NA,NA
NA,NA,NA,NA,Tsc22d2,NA,NA,NA,NA,NA
NA,NA,NA,NA,Tsc22d4,NA,NA,NA,NA,NA
NA,NA,NA,NA,Tshr,NA,NA,NA,NA,NA
NA,NA,NA,NA,Tshz3,NA,NA,NA,NA,NA
NA,NA,NA,NA,Tspan14,NA,NA,NA,NA,NA
NA,NA,NA,NA,Tspan17,NA,NA,NA,NA,NA
NA,NA,NA,NA,Tspan18,NA,NA,NA,NA,NA
NA,NA,NA,NA,Tspan5,NA,NA,NA,NA,NA
NA,NA,NA,NA,Tspo,NA,NA,NA,NA,NA
NA,NA,NA,NA,Tsx,NA,NA,NA,NA,NA
NA,NA,NA,NA,Ttc12,NA,NA,NA,NA,NA
NA,NA,NA,NA,Ttc21b,NA,NA,NA,NA,NA
NA,NA,NA,NA,Ttc25,NA,NA,NA,NA,NA
NA,NA,NA,NA,Ttc26,NA,NA,NA,NA,NA
NA,NA,NA,NA,Ttc3,NA,NA,NA,NA,NA
NA,NA,NA,NA,Ttc39a,NA,NA,NA,NA,NA
NA,NA,NA,NA,Ttk,NA,NA,NA,NA,NA
NA,NA,NA,NA,Ttpal,NA,NA,NA,NA,NA
NA,NA,NA,NA,Tuba1a,NA,NA,NA,NA,NA
NA,NA,NA,NA,Tuba1b,NA,NA,NA,NA,NA
NA,NA,NA,NA,Tuba1c,NA,NA,NA,NA,NA
NA,NA,NA,NA,Tubb2a,NA,NA,NA,NA,NA
NA,NA,NA,NA,Tubb2b,NA,NA,NA,NA,NA
NA,NA,NA,NA,Tubb4b,NA,NA,NA,NA,NA
NA,NA,NA,NA,Tubb5,NA,NA,NA,NA,NA
NA,NA,NA,NA,Tubb6,NA,NA,NA,NA,NA
NA,NA,NA,NA,Tuft1,NA,NA,NA,NA,NA
NA,NA,NA,NA,Tusc3,NA,NA,NA,NA,NA
NA,NA,NA,NA,Twf1,NA,NA,NA,NA,NA
NA,NA,NA,NA,Tyms,NA,NA,NA,NA,NA
NA,NA,NA,NA,Tyro3,NA,NA,NA,NA,NA
NA,NA,NA,NA,Ubald1,NA,NA,NA,NA,NA
NA,NA,NA,NA,Ube2g2,NA,NA,NA,NA,NA
NA,NA,NA,NA,Ube3d,NA,NA,NA,NA,NA
NA,NA,NA,NA,Uck2,NA,NA,NA,NA,NA
NA,NA,NA,NA,Ugcg,NA,NA,NA,NA,NA
NA,NA,NA,NA,Ugt1a2,NA,NA,NA,NA,NA
NA,NA,NA,NA,Uhrf1,NA,NA,NA,NA,NA
NA,NA,NA,NA,Umps,NA,NA,NA,NA,NA
NA,NA,NA,NA,Unc13b,NA,NA,NA,NA,NA
NA,NA,NA,NA,Unc5b,NA,NA,NA,NA,NA
NA,NA,NA,NA,Unc5c,NA,NA,NA,NA,NA
NA,NA,NA,NA,Unc79,NA,NA,NA,NA,NA
NA,NA,NA,NA,Upp1,NA,NA,NA,NA,NA
NA,NA,NA,NA,Usp22,NA,NA,NA,NA,NA
NA,NA,NA,NA,Usp43,NA,NA,NA,NA,NA
NA,NA,NA,NA,Usp46,NA,NA,NA,NA,NA
NA,NA,NA,NA,Uxs1,NA,NA,NA,NA,NA
NA,NA,NA,NA,Vangl1,NA,NA,NA,NA,NA
NA,NA,NA,NA,Vars,NA,NA,NA,NA,NA
NA,NA,NA,NA,Vasp,NA,NA,NA,NA,NA
NA,NA,NA,NA,Vcan,NA,NA,NA,NA,NA
NA,NA,NA,NA,Vcl,NA,NA,NA,NA,NA
NA,NA,NA,NA,Vegfc,NA,NA,NA,NA,NA
NA,NA,NA,NA,Vezt,NA,NA,NA,NA,NA
NA,NA,NA,NA,Vim,NA,NA,NA,NA,NA
NA,NA,NA,NA,Vldlr,NA,NA,NA,NA,NA
NA,NA,NA,NA,Vmp1,NA,NA,NA,NA,NA
NA,NA,NA,NA,Vps36,NA,NA,NA,NA,NA
NA,NA,NA,NA,Vps37c,NA,NA,NA,NA,NA
NA,NA,NA,NA,Vps9d1,NA,NA,NA,NA,NA
NA,NA,NA,NA,Vrk2,NA,NA,NA,NA,NA
NA,NA,NA,NA,Vsig10,NA,NA,NA,NA,NA
NA,NA,NA,NA,Vwa7,NA,NA,NA,NA,NA
NA,NA,NA,NA,Wbscr17,NA,NA,NA,NA,NA
NA,NA,NA,NA,Wdr1,NA,NA,NA,NA,NA
NA,NA,NA,NA,Wdr91,NA,NA,NA,NA,NA
NA,NA,NA,NA,Wfdc21,NA,NA,NA,NA,NA
NA,NA,NA,NA,Wnk2,NA,NA,NA,NA,NA
NA,NA,NA,NA,Wnt7a,NA,NA,NA,NA,NA
NA,NA,NA,NA,Xirp2,NA,NA,NA,NA,NA
NA,NA,NA,NA,Xrcc6bp1,NA,NA,NA,NA,NA
NA,NA,NA,NA,Yars,NA,NA,NA,NA,NA
NA,NA,NA,NA,Ypel2,NA,NA,NA,NA,NA
NA,NA,NA,NA,Ypel4,NA,NA,NA,NA,NA
NA,NA,NA,NA,Ywhag,NA,NA,NA,NA,NA
NA,NA,NA,NA,Ywhah,NA,NA,NA,NA,NA
NA,NA,NA,NA,Zbed3,NA,NA,NA,NA,NA
NA,NA,NA,NA,Zbtb25,NA,NA,NA,NA,NA
NA,NA,NA,NA,Zbtb42,NA,NA,NA,NA,NA
NA,NA,NA,NA,Zc3h12a,NA,NA,NA,NA,NA
NA,NA,NA,NA,Zc3h12c,NA,NA,NA,NA,NA
NA,NA,NA,NA,Zc3h12d,NA,NA,NA,NA,NA
NA,NA,NA,NA,Zcchc12,NA,NA,NA,NA,NA
NA,NA,NA,NA,Zdhhc13,NA,NA,NA,NA,NA
NA,NA,NA,NA,Zdhhc2,NA,NA,NA,NA,NA
NA,NA,NA,NA,Zfand2a,NA,NA,NA,NA,NA
NA,NA,NA,NA,Zfp295,NA,NA,NA,NA,NA
NA,NA,NA,NA,Zfp367,NA,NA,NA,NA,NA
NA,NA,NA,NA,Zfp438,NA,NA,NA,NA,NA
NA,NA,NA,NA,Zfp57,NA,NA,NA,NA,NA
NA,NA,NA,NA,Zfp583,NA,NA,NA,NA,NA
NA,NA,NA,NA,Zfp64,NA,NA,NA,NA,NA
NA,NA,NA,NA,Zfp641,NA,NA,NA,NA,NA
NA,NA,NA,NA,Zfp90,NA,NA,NA,NA,NA
NA,NA,NA,NA,Zfp951,NA,NA,NA,NA,NA
NA,NA,NA,NA,Zfp955a,NA,NA,NA,NA,NA
NA,NA,NA,NA,Zfyve19,NA,NA,NA,NA,NA
NA,NA,NA,NA,Zmat3,NA,NA,NA,NA,NA
NA,NA,NA,NA,Zyx,NA,NA,NA,NA,NA
