,NASH_up,diff_w4_up,diff_w8_up,diff_w16_up,diff_w32_up,diff_w48_up
1,Acsl4,Abcd1,Acaa1b,A2m,A1bg,Abcc3
2,Adssl1,Adam15,Acsl3,A3galt2,A3galt2,Acpp
3,Aebp1,Add1,Acvr1c,Abca2,Abca2,Acsl5
4,Alpk2,Adra1b,Adamdec1,Abca4,Abca4,Acss2
5,Arrdc4,Afmid,Adh1,Abca5,Abcb1a,Adamts12
6,Atf3,Ahcy,Adh7,Abcb1b,Abcb1b,Adamts4
7,Cacna1h,Ahdc1,Agap3,Abcc1,Abcc1,Agap3
8,Camk1d,Akr1c13,Ak4,Abcc3,Abcc3,Aifm2
9,Capn12,Amotl2,Akr1d1,Abcc9,Abcc9,Anp32a
10,Ccdc82,Angptl3,Akr7a3,Abcg3l3,Abcg2,Anxa5
11,Cd83,Apoa2,Aldh1a1,Abi2,Abcg3l1,Appl2
12,Cdc45,Aqp11,Aldh1l1,Abr,Abcg3l3,Arl4d
13,Cdc6,Arhgef19,Amer1,Abracl,Abhd6,Arntl
14,Cdhr2,Asb5,Amotl2,Acaa1b,Abi2,Atat1
15,Chrna4,Atp1a3,Angptl4,Acbd3,Abr,Atf4
16,Col1a1,Bcar1,Anxa5,Ace,Ace,B4galt1
17,Cxcr4,Bche,Anxa8,Acer2,Ackr3,Bst2
18,Cyp7a1,Bco2,Apitd1,Ackr3,Acot1,Btg1
19,Cytip,Bhlhe40,Ar,Acot1,Acot11,C4b
20,Dok6,C2cd2,Arl4d,Acot2,Acot2,C9
21,Dpysl2,Cadm1,Arpp19,Acot3,Acot9,Cacnb4
22,Dtl,Cd14,Arrdc3,Acot4,Acta2,Camkk2
23,Eno3,Cd99l2,Arse,Acot9,Actb,Cblc
24,Epha3,Cers2,Asah2,Acsl3,Actg1,Ccl21
25,Fabp4,Ces2c,Asb5,Acta2,Actg2,Cd36
26,Fasn,Ces4a,Bag4,Actb,Adamts2,Cd72
27,Fat1,Chpt1,Bco2,Actg1,Adamts3,Ces2a
28,Fgf21,Chst13,Bst2,Actn3,Adamts4,Chka
29,Fmo1,Chst9,Btg1,Adam15,Adap1,Chst9
30,Fndc5,Col27a1,Cacna2d4,Adam19,Adcy7,Ciz1
31,Galnt18,Cpeb4,Car12,Adamdec1,Add3,Clpx
32,Gem,Csrnp2,Car2,Adamts12,Adgrf3,Commd6
33,Gins1,Ctnnbip1,Ccdc112,Adamts2,Adgrg1,Copz2
34,Gins2,Cyp1a1,Ccng1,Adamts4,Adgrg2,Coro1c
35,Golm1,Cyp2c7,Cd14,Adamts9,Adm2,Cp
36,Gpnmb,Cyp2d2,Cd1d1,Adap1,Adora1,Cyp2c7
37,Gpr183,Cyp2d4,Cd36,Adat1,Adra2b,Dapk1
38,Grid1,Cyp3a9,Cd81,Adcy7,Aebp1,Ddhd1
39,Grm8,Dcbld2,Cdkn1a,Adcyap1r1,Afap1,Dhcr7
40,H2afy2,Def8,Cdkn2b,Adgrg1,Afap1l2,Disp1
41,Hbegf,Dhdds,Ces2a,Adgrg2,Agpat3,Dixdc1
42,Hmcn1,Dmgdh,Ces2c,Adm,Agpat9,Dlat
43,Hsd17b7,Dpt,Ces4a,Adm2,Agtpbp1,Dmbt1
44,Hydin,Dusp1,Chpt1,Adora1,Ahnak,Dnm1
45,Ido2,Entpd5,Chrna2,Adora2a,Aida,Dsc2
46,Igsf9,Entpd8,Cidec,Adpgk,Aifm2,Ear11
47,Inhbe,Ephb6,Ckap2,Aebp1,Aig1,Efna1
48,Ip6k3,Esr1,Clcn6,Afap1,Ajuba,Elovl6
49,Itgax,Ethe1,Coro2a,Afap1l2,Akap2,Ern1
50,Kat2a,Etnk2,Cry1,Afmid,Akna,Espl1
51,Kcnj3,Evc2,Cryl1,Ago2,Akr1b10,Ets2
52,Kntc1,Extl1,Cryz,Agpat3,Aldh18a1,Eva1a
53,Lcp1,Fam8a1,Csmd1,Agpat4,Aldh1a1,Fabp4
54,Lpl,Fgfr3,Cubn,Agpat9,Aldh1a3,Farp2
55,Lrrc31,G0s2,Cxcl9,Agtpbp1,Aldh1a7,Fas
56,Mamdc4,Gcat,Cyp1a1,Ahnak,Aldh3b1,Fasn
57,Mcm2,Gchfr,Cyp26b1,Aida,Aldoa,G6pd
58,Mcm5,Gck,Cyp2b2,Aifm2,Aloxe3,Gale
59,Me1,Gda,Cyp2c22,Ajuba,Alyref,Gan
60,Mep1b,Gfod2,Cyp2c6v1,Akap12,Ampd3,Gapdh
61,Ncam2,Ghr,Dact2,Akap2,Amy2a3,Gatsl2
62,Npnt,Gja5,Dapp1,Akr1b8,Angpt1,Gna12
63,Olfm2,Gnat3,Dbi,Akt3,Ankef1,Gpam
64,Oxt,Gnmt,Derl3,Aldh18a1,Ankrd39,Gpx2
65,Pcsk5,Gpam,Dhdds,Aldh1a1,Anks6,Grk5
66,Pla2g7,Gpd1,Dpt,Aldh1a7,Ano7,Gsta3
67,Plaur,Gpr137b,Efna1,Aldoa,Anp32b,H2afy2
68,Plin1,Gpt,Ehhadh,Aloxe3,Antxr1,Hcn3
69,Prdm1,Gstm2,Elovl6,Alpl,Anxa1,Hebp2
70,Prkaa2,Gypc,Entpd5,Amer1,Anxa2,Heph
71,Prkce,Herc3,Ephx1,Amotl2,Anxa5,Hfe2
72,Ptger4,Hist1h2bh,Ethe1,Ampd3,Anxa7,Hip1r
73,Rgs1,Hist1h4b,Evc2,Amz1,Anxa8,Hjurp
74,Rgs2,Homer2,Fam49a,Angpt1,Aoc1,Hp
75,Scube1,Hrk,Fasn,Angptl4,Aoc3,Hps3
76,Sgcb,Hsd17b6,Fgf21,Ankef1,Apaf1,Hspa4l
77,Slc29a4,Hsf4,G0s2,Ankrd33b,Apba2,Ikbke
78,Spp1,Il36b,Gale,Ankrd37,Apbb1,Il17rb
79,Sqle,Il4r,Galr3,Ankrd39,Aplnr,Insig1
80,Srd5a2,Inhbe,Gapdh,Ankrd6,App,Irf1
81,Stab2,Itga5,Gbe1,Anks6,Appl2,Irs3
82,Stmn2,Iyd,Gck,Ano7,Aqp4,Itga5
83,Stxbp1,Josd2,Gda,Antxr1,Aqp5,Itih4
84,Sulf2,Jph4,Gdf15,Anxa1,Aqp7,Itpk1
85,Thy1,Kank1,Gdnf,Anxa2,Arf2,Jph4
86,Tmem154,Kank2,Gja5,Anxa4,Arhgap11a,Kank2
87,Tmem45b,Kcnn2,Gnat3,Anxa5,Arhgap22,Kcnn2
88,Tmem63a,Kdsr,Gng10,Anxa7,Arhgap28,Lbp
89,Tmprss9,Khk,Gpam,Anxa8,Arhgdia,Lcn2
90,Trhde,Kifc3,Gpr137b,Aoah,Arhgef25,Lnx2
91,Ugt2a1,Lag3,Gpx1,Aoc1,Arhgef28,LOC100361444
92,Vamp1,Lamb3,Gsta1,Apaf1,Arhgef9,LOC680254
93,Vcan,Leap2,Gsta3,Apbb1,Arid3a,LOC691083
94,Wnt11,Limk2,Gstk1,Apbb1ip,Arid5a,Lrp5
95,Zdhhc2,Lingo4,Gstm1,Apln,Arl10,Map7d1
96,NA,LOC100361444,Gstt1,Aplnr,Arl4c,Mapk4
97,NA,LOC367975,H2afy2,App,Arl5c,Mapk9
98,NA,LOC502176,Hcn3,Appl2,Armc6,Mbp
99,NA,LOC688335,Herc3,Aqp4,Arrb1,Med12l
100,NA,LOC691083,Hfe2,Aqp7,Art4,Mical2
101,NA,Lonrf3,Hibch,Arap2,Artn,Mid1ip1
102,NA,Lrp5,Hist1h2bh,Arf2,Asns,Mir3577
103,NA,Lrrc20,Hist1h4b,Arfgap3,Aspn,Mmp8
104,NA,Lrtm2,Hnf4g,Arg2,Atf3,Mycl
105,NA,Ltbp4,Hs6st2,Arhgap10,Atf4,Naprt1
106,NA,Mab21l3,Hsd17b6,Arhgap11a,Atf7ip2,Ncr3
107,NA,Manea,Hspa4l,Arhgap22,Atp10a,Nme1
108,NA,Mast3,Ifi27l2b,Arhgap28,Atp1a3,Nrg1
109,NA,Mbp,Ikbke,Arhgdia,Atp1b2,Nuak1
110,NA,Mettl7b,Il36b,Arhgef19,Atp2b4,Nxn
111,NA,Mgat4b,Inhba,Arhgef28,Atp6v1b2,Orm1
112,NA,Mgll,Inhbe,Arhgef9,Atp6v1d,Otub2
113,NA,Mgst3,Iyd,Arid3a,B3galnt1,P2rx5
114,NA,Micu3,Jade2,Arid5a,B3galt5,P2ry2
115,NA,Mid1ip1,Jakmip2,Arl10,B4galnt4,Pak1
116,NA,Mir22,Jund,Arl11,B4galt1,Parvb
117,NA,Mocos,Kank1,Arl4a,B4galt4,Pcolce
118,NA,Mxd4,Kank2,Arl4c,B4galt6,Pcsk6
119,NA,Mycl,Kcnn2,Arl4d,Basp1,Pdlim4
120,NA,Nabp1,Kifc3,Arl6,Bbs7,Perp
121,NA,Nav2,Krt23,Arl8a,Bcam,Pgd
122,NA,Ntf3,Lamb3,Armc6,Bcar3,Phactr2
123,NA,Obp1f,Leap2,Armcx2,Bcat1,Plbd1
124,NA,Olr59,Lhx8,Arntl,Bcl11b,Plxna2
125,NA,Oplah,Lilrb4,Arrdc1,Bcl2,Ppp2r1b
126,NA,Ormdl3,Lin37,Arrdc4,Bcl2a1,Prg4
127,NA,Otub2,Lnx2,Arse,Bdkrb2,Prlr
128,NA,P2rx5,LOC100361444,Asah2,Bdnf,Prss32
129,NA,P2ry1,LOC100363193,Asb5,Bend5,Psat1
130,NA,Paqr7,LOC498836,Asns,Bgn,Psen2
131,NA,Pdgfa,LOC691083,Aspm,Bhlhb9,Ptk2b
132,NA,Per2,Lonrf3,Atcay,Bhlhe22,Ptk6
133,NA,Perp,Lpar6,Atf3,Bicc1,Rab38
134,NA,Pgm1,Lrrc19,Atf4,Bicd1,Rarb
135,NA,Pnliprp2,Lrtm2,Atic,Birc3,Rassf6
136,NA,Ppp1r10,Mbp,Atp10a,Bmp4,Reep6
137,NA,Ppp1r3b,Mcf2l,Atp1a3,Bmp7,Rfx6
138,NA,Prss32,Med12l,Atp2b4,Bmx,RGD1304694
139,NA,Prtg,Megf9,Aurkb,Bnc2,RGD1304810
140,NA,Ptms,Mgmt,B3galnt1,Bok,RGD1305464
141,NA,Ptprn,Mical2,B3gnt2,Bscl2,RGD1309079
142,NA,Ptprs,Micalcl,B4galt5,Bspry,RGD1311739
143,NA,Qdpr,Mid1ip1,B4galt6,Btg3,RGD1565355
144,NA,Rab40b,Mif,Basp1,C2cd5,Rnf11l1
145,NA,Rcan1,Mk1,Batf,C5ar1,Rnpepl1
146,NA,Reep6,Mocos,Bbs7,Cacna1c,Rp1
147,NA,RGD1309534,Mok,Bcat1,Cacna2d1,Rpa1
148,NA,RGD1309676,Msl3l2,Bcl10,Cadm1,Rpia
149,NA,Rhob,Mybl1,Bcl2,Cadps,S100a8
150,NA,Rhobtb1,Mybl2,Bcl2a1,Camk2d,S100a9
151,NA,Ripk4,Mybph,Bgn,Camk2g,Scd2
152,NA,Rnf181,Mycl,Bicc1,Camkk2,Secisbp2l
153,NA,Sardh,Nme1,Bicd2,Cand2,Sgk2
154,NA,Scd1,Nrg1,Bin1,Cap2,Slc39a4
155,NA,Sgcb,Nuak1,Birc3,Capg,Slc7a5
156,NA,Shroom3,Nudt7,Birc5,Capn2,Slco3a1
157,NA,Slc10a2,Nup62,Blnk,Capn5,Smtnl2
158,NA,Slc13a4,Olr57,Bmp7,Car12,Sntb1
159,NA,Slc16a13,Otub2,Bmper,Car13,Snx12
160,NA,Slc22a4,P2rx5,Bok,Car2,Sorcs2
161,NA,Slc25a10,Pak1,Bst1,Card10,Spsb4
162,NA,Slc2a5,Paqr3,Btbd10,Cars,Srd5a1
163,NA,Slc35d1,Parp16,Btbd3,Casc4,Stx2
164,NA,Slc39a4,Pax8,Btc,Casp3,Stxbp1
165,NA,Slc41a2,Pbk,Btg1,Cass4,Sult2a6
166,NA,Slco2a1,Perp,Btg2,Cav1,Sult4a1
167,NA,Spink1,Pex11a,Btg3,Cbr1,Svil
168,NA,Spink3,Pgam1,Bub1b,Cbx3,Synj2
169,NA,Spry4,Pgd,Bysl,Ccdc120,Tcirg1
170,NA,Sri,Pgk1,C1qtnf5,Ccdc146,Tfpi
171,NA,St8sia3,Pgpep1,C1qtnf6,Cchcr1,Tjp3
172,NA,Stk40,Pir,C2cd5,Ccl12,Tlr1
173,NA,Stx2,Plbd1,C5ar1,Ccl2,Tm6sf2
174,NA,Sult1a1,Plin2,Cab39,Ccl21,Tm7sf3
175,NA,Sult1b1,Plin5,Cables1,Ccl3,Tmcc3
176,NA,Tas1r1,Plxna2,Cacna1c,Ccl4,Tmem140
177,NA,Tcea3,Pnpla5,Cacnb1,Ccl7,Tmem170a
178,NA,Tecr,Pnrc1,Camk2d,Ccne1,Tmem176a
179,NA,Thnsl2,Ppp1r3b,Capg,Ccng1,Tmem176b
180,NA,Thrsp,Ppp2r1b,Capn1,Ccr1,Tmem179
181,NA,Tjp3,Prkca,Capn2,Cd2,Tmem252
182,NA,Tmem110,Prkci,Car13,Cd200,Tmem97
183,NA,Tmem25,Psat1,Car2,Cd24,Tmie
184,NA,Trpv6,Ptk2b,Card10,Cd276,Tnfrsf1b
185,NA,Tsc22d1,Ptprt,Cars,Cd34,Tnfrsf9
186,NA,Tsku,Ralyl,Casc5,Cd36,Trim24
187,NA,Ttc21b,Reep6,Casp4,Cd3d,Tspan14
188,NA,Ttc36,RGD1305464,Cass4,Cd3e,Tspo
189,NA,Ttll3,RGD1306151,Cbfa2t3,Cd40,Ttc39a
190,NA,Ugt2b17,RGD1309676,Cblc,Cd44,Tubb2a
191,NA,Vangl1,RGD1311756,Ccdc112,Cd5,Tubb2b
192,NA,Vwce,RGD1560010,Ccdc120,Cd55,Ulk1
193,NA,Wdr6,RGD1561849,Ccdc19,Cd6,Vsig10
194,NA,Wfdc21,RGD1562136,Ccdc64,Cd83,Wdr91
195,NA,NA,RGD1565355,Ccdc68,Cd9,Wfdc21
196,NA,NA,RGD1565616,Ccdc8,Cdc14a,Ypel2
197,NA,NA,Rgs16,Ccdc92,Cdc25a,Zfp385a
198,NA,NA,Rgs7,Cchcr1,Cdc42ep1,NA
199,NA,NA,Rhob,Ccl12,Cdc42ep5,NA
200,NA,NA,Rnf11l1,Ccl2,Cdc42se1,NA
201,NA,NA,Rp1,Ccl21,Cdc42se2,NA
202,NA,NA,Rpa1,Ccl3,Cdc6,NA
203,NA,NA,Rrm2b,Ccl4,Cdcp1,NA
204,NA,NA,Rtn4,Ccl7,Cdh11,NA
205,NA,NA,Scd1,Ccna2,Cdh13,NA
206,NA,NA,Scly,Ccne1,Cdh3,NA
207,NA,NA,Sdr16c6,Ccng1,Cdh6,NA
208,NA,NA,Sesn3,Ccr1,Cdk14,NA
209,NA,NA,Sh3bgrl2,Ccrl2,Cdkl2,NA
210,NA,NA,Slc17a3,Cd14,Cdkn2b,NA
211,NA,NA,Slc25a47,Cd151,Cdt1,NA
212,NA,NA,Slc39a4,Cd200,Ceacam20,NA
213,NA,NA,Slc45a3,Cd24,Cel,NA
214,NA,NA,Sntb1,Cd276,Cela1,NA
215,NA,NA,Snx12,Cd2ap,Cela2a,NA
216,NA,NA,Spsb4,Cd300e,Cela3b,NA
217,NA,NA,Sri,Cd300lb,Celf5,NA
218,NA,NA,Stk24,Cd36,Cers5,NA
219,NA,NA,Stx2,Cd3eap,Ces2a,NA
220,NA,NA,Stxbp1,Cd44,Ces2c,NA
221,NA,NA,Sult2a2,Cd53,Ces2j,NA
222,NA,NA,Sult2a6,Cd55,Cfap52,NA
223,NA,NA,Sult2b1,Cd63,Cftr,NA
224,NA,NA,Svil,Cd84,Cgref1,NA
225,NA,NA,Tcea3,Cd8a,Ch25h,NA
226,NA,NA,Tcf7l1,Cd8b,Chi3l1,NA
227,NA,NA,Tex36,Cd9,Chp2,NA
228,NA,NA,Tf,Cd93,Chpf,NA
229,NA,NA,Tgm2,Cdc25a,Chrm3,NA
230,NA,NA,Thbs4,Cdc42ep1,Chst1,NA
231,NA,NA,Tjp3,Cdc42ep2,Chst9,NA
232,NA,NA,Tk1,Cdc42ep5,Cidea,NA
233,NA,NA,Tkfc,Cdc42se1,Cited1,NA
234,NA,NA,Tkt,Cdc42se2,Clca2,NA
235,NA,NA,Tmcc3,Cdc7,Clca4,NA
236,NA,NA,Tmem252,Cdca2,Clca4l,NA
237,NA,NA,Tmem97,Cdca7,Clcf1,NA
238,NA,NA,Tmie,Cdca8,Cldn4,NA
239,NA,NA,Tp53i3,Cdh13,Cldn5,NA
240,NA,NA,Trpm2,Cdh3,Cldn6,NA
241,NA,NA,Tsc22d1,Cdk14,Cldn7,NA
242,NA,NA,Tyms,Cdk6,Cldn8,NA
243,NA,NA,Unc5c,Cdkl2,Clec4e,NA
244,NA,NA,Unc5cl,Cdkl3,Clec5a,NA
245,NA,NA,Usp29,Cdkn2b,Clec7a,NA
246,NA,NA,Ykt6,Cdkn3,Clic1,NA
247,NA,NA,Ypel2,Cdr2,Clic5,NA
248,NA,NA,Zdhhc2,Cdt1,Clip2,NA
249,NA,NA,NA,Cdyl2,Clstn2,NA
250,NA,NA,NA,Cebpb,Cnksr1,NA
251,NA,NA,NA,Cebpd,Cnn1,NA
252,NA,NA,NA,Cenpi,Cnp,NA
253,NA,NA,NA,Cenpn,Cntnap1,NA
254,NA,NA,NA,Cep55,Col15a1,NA
255,NA,NA,NA,Cep76,Col16a1,NA
256,NA,NA,NA,Cerk,Col4a1,NA
257,NA,NA,NA,Ces2c,Col5a1,NA
258,NA,NA,NA,Ces4a,Col5a2,NA
259,NA,NA,NA,Cfap52,Col5a3,NA
260,NA,NA,NA,Cfl1,Col8a1,NA
261,NA,NA,NA,Cftr,Colec12,NA
262,NA,NA,NA,Cgref1,Coprs,NA
263,NA,NA,NA,Ch25h,Coro1a,NA
264,NA,NA,NA,Chac1,Coro1c,NA
265,NA,NA,NA,Chchd4,Coro2a,NA
266,NA,NA,NA,Chi3l1,Coro6,NA
267,NA,NA,NA,Chka,Cotl1,NA
268,NA,NA,NA,Chrna2,Cpa1,NA
269,NA,NA,NA,Chrnb1,Cpa2,NA
270,NA,NA,NA,Chst1,Cpa6,NA
271,NA,NA,NA,Chst12,Cpb1,NA
272,NA,NA,NA,Chst14,Cpe,NA
273,NA,NA,NA,Cidea,Cpne2,NA
274,NA,NA,NA,Cidec,Cpne7,NA
275,NA,NA,NA,Ckap2,Cr2,NA
276,NA,NA,NA,Ckap4,Creb3l4,NA
277,NA,NA,NA,Clca4l,Creb5,NA
278,NA,NA,NA,Clcf1,Crip1,NA
279,NA,NA,NA,Clcn6,Crispld2,NA
280,NA,NA,NA,Cldn4,Crlf1,NA
281,NA,NA,NA,Cldn6,Crocc,NA
282,NA,NA,NA,Clec11a,Cryab,NA
283,NA,NA,NA,Clec2l,Csf1,NA
284,NA,NA,NA,Clec4e,Csf3r,NA
285,NA,NA,NA,Clec5a,Csnk1e,NA
286,NA,NA,NA,Clec7a,Cspg4,NA
287,NA,NA,NA,Clic1,Csrnp2,NA
288,NA,NA,NA,Clip1,Cst3,NA
289,NA,NA,NA,Clip2,Ctps1,NA
290,NA,NA,NA,Clpx,Ctrc,NA
291,NA,NA,NA,Clspn,Ctrl,NA
292,NA,NA,NA,Clstn3,Cttnbp2,NA
293,NA,NA,NA,Clu,Cubn,NA
294,NA,NA,NA,Cmpk2,Cuzd1,NA
295,NA,NA,NA,Cnksr1,Cx3cl1,NA
296,NA,NA,NA,Cnksr3,Cx3cr1,NA
297,NA,NA,NA,Cnp,Cxcl1,NA
298,NA,NA,NA,Cntnap1,Cxcl10,NA
299,NA,NA,NA,Col11a1,Cxcl16,NA
300,NA,NA,NA,Col15a1,Cxcl6,NA
301,NA,NA,NA,Col16a1,Cxcl9,NA
302,NA,NA,NA,Col1a1,Cxcr2,NA
303,NA,NA,NA,Col1a2,Cyfip2,NA
304,NA,NA,NA,Col3a1,Cygb,NA
305,NA,NA,NA,Col4a1,Cyp17a1,NA
306,NA,NA,NA,Col5a1,Cyp26a1,NA
307,NA,NA,NA,Col5a2,Cyp2c12,NA
308,NA,NA,NA,Col5a3,Cyp2c24,NA
309,NA,NA,NA,Col6a2,Cyp2j10,NA
310,NA,NA,NA,Col8a1,Cyp3a62,NA
311,NA,NA,NA,Colec12,Cys1,NA
312,NA,NA,NA,Coro1a,Cyyr1,NA
313,NA,NA,NA,Coro1c,Dact3,NA
314,NA,NA,NA,Coro2a,Dag1,NA
315,NA,NA,NA,Coro6,Dbn1,NA
316,NA,NA,NA,Cotl1,Dcakd,NA
317,NA,NA,NA,Cpa6,Dcbld2,NA
318,NA,NA,NA,Cpne2,Dcdc2,NA
319,NA,NA,NA,Cpt1b,Dclk1,NA
320,NA,NA,NA,Cpxm1,Dclk3,NA
321,NA,NA,NA,Cpxm2,Dcn,NA
322,NA,NA,NA,Cpz,Ddah2,NA
323,NA,NA,NA,Creb3,Ddit3,NA
324,NA,NA,NA,Creb5,Ddit4l2,NA
325,NA,NA,NA,Crlf1,Degs2,NA
326,NA,NA,NA,Crot,Dennd2c,NA
327,NA,NA,NA,Crtap,Depdc5,NA
328,NA,NA,NA,Cryab,Des,NA
329,NA,NA,NA,Csf1,Dhdds,NA
330,NA,NA,NA,Csf2rb,Dkk3,NA
331,NA,NA,NA,Csmd1,Dkk4,NA
332,NA,NA,NA,Csn3,Dmbt1,NA
333,NA,NA,NA,Csnk1e,Dmrta1,NA
334,NA,NA,NA,Cstf2,Dnajb7,NA
335,NA,NA,NA,Ctf1,Dnajc27,NA
336,NA,NA,NA,Ctgf,Dnm1,NA
337,NA,NA,NA,Cthrc1,Dock6,NA
338,NA,NA,NA,Ctps1,Dok2,NA
339,NA,NA,NA,Ctsk,Dpep1,NA
340,NA,NA,NA,Cttn,Dph1,NA
341,NA,NA,NA,Cttnbp2nl,Dph6,NA
342,NA,NA,NA,Cubn,Dpysl2,NA
343,NA,NA,NA,Cx3cl1,Dscc1,NA
344,NA,NA,NA,Cx3cr1,Dtx3,NA
345,NA,NA,NA,Cxadr,Duox2,NA
346,NA,NA,NA,Cxcl1,Dupd1,NA
347,NA,NA,NA,Cxcl10,Dusp18,NA
348,NA,NA,NA,Cxcl14,Dusp2,NA
349,NA,NA,NA,Cxcl16,Dync2li1,NA
350,NA,NA,NA,Cxcl2,Dynlt1,NA
351,NA,NA,NA,Cxcl6,Dzip1l,NA
352,NA,NA,NA,Cxcr2,Ear11,NA
353,NA,NA,NA,Cxcr4,Ebf1,NA
354,NA,NA,NA,Cyfip2,Ece2,NA
355,NA,NA,NA,Cygb,Eci1,NA
356,NA,NA,NA,Cyp17a1,Edn1,NA
357,NA,NA,NA,Cyp1b1,Ednrb,NA
358,NA,NA,NA,Cyp26a1,Efcc1,NA
359,NA,NA,NA,Cyp26b1,Efemp2,NA
360,NA,NA,NA,Cyp2b1,Efhc2,NA
361,NA,NA,NA,Cyp2b2,Efhd1,NA
362,NA,NA,NA,Cyp2c22,Efna4,NA
363,NA,NA,NA,Cyp2c24,Egln3,NA
364,NA,NA,NA,Cyp2j10,Egr2,NA
365,NA,NA,NA,Cyp2s1,Egr3,NA
366,NA,NA,NA,Cyp4f17,Ehd2,NA
367,NA,NA,NA,Cyp4f5,Ehd4,NA
368,NA,NA,NA,Cyr61,Ehf,NA
369,NA,NA,NA,Dact2,Eif1ax,NA
370,NA,NA,NA,Dag1,Eif2s3x,NA
371,NA,NA,NA,Dagla,Elf3,NA
372,NA,NA,NA,Dapk1,Eln,NA
373,NA,NA,NA,Dbn1,Elovl6,NA
374,NA,NA,NA,Dcakd,Elovl7,NA
375,NA,NA,NA,Dcbld2,Emp1,NA
376,NA,NA,NA,Dclk1,Emp2,NA
377,NA,NA,NA,Dcn,Emp3,NA
378,NA,NA,NA,Dcun1d3,Enpp4,NA
379,NA,NA,NA,Ddhd1,Enpp5,NA
380,NA,NA,NA,Ddit3,Epcam,NA
381,NA,NA,NA,Ddit4,Epha4,NA
382,NA,NA,NA,Ddit4l2,Ephb2,NA
383,NA,NA,NA,Ddr2,Ephb3,NA
384,NA,NA,NA,Ddx21,Epn3,NA
385,NA,NA,NA,Dennd2c,Eps8l1,NA
386,NA,NA,NA,Dennd2d,Erbb2,NA
387,NA,NA,NA,Depdc1b,Erp27,NA
388,NA,NA,NA,Des,Espl1,NA
389,NA,NA,NA,Dhdds,Esrp1,NA
390,NA,NA,NA,Dhx33,Ets2,NA
391,NA,NA,NA,Diaph3,Evc2,NA
392,NA,NA,NA,Dio3,Evpl,NA
393,NA,NA,NA,Disp1,Ezr,NA
394,NA,NA,NA,Dixdc1,F2r,NA
395,NA,NA,NA,Dkk3,F2rl1,NA
396,NA,NA,NA,Dlgap5,F3,NA
397,NA,NA,NA,Dmbt1,Fabp2,NA
398,NA,NA,NA,Dmrtc2,Fabp4,NA
399,NA,NA,NA,Dnajc5b,Fads3,NA
400,NA,NA,NA,Dnmt3b,Fam101b,NA
401,NA,NA,NA,Dos,Fam107a,NA
402,NA,NA,NA,Dph1,Fam109b,NA
403,NA,NA,NA,Dph5,Fam118a,NA
404,NA,NA,NA,Dpp7,Fam129a,NA
405,NA,NA,NA,Dpysl2,Fam129b,NA
406,NA,NA,NA,Dpysl3,Fam129c,NA
407,NA,NA,NA,Dram1,Fam131b,NA
408,NA,NA,NA,Dtx4,Fam198b,NA
409,NA,NA,NA,Dupd1,Fam26f,NA
410,NA,NA,NA,Dus4l,Fam3c,NA
411,NA,NA,NA,Dusp1,Fam83f,NA
412,NA,NA,NA,Dusp10,Fam84a,NA
413,NA,NA,NA,Dusp16,Fam89a,NA
414,NA,NA,NA,Dusp2,Fas,NA
415,NA,NA,NA,Dusp22,Fat1,NA
416,NA,NA,NA,Dusp3,Fblim1,NA
417,NA,NA,NA,Dusp7,Fbln1,NA
418,NA,NA,NA,Dusp8,Fbln5,NA
419,NA,NA,NA,Dynlt1,Fbn1,NA
420,NA,NA,NA,Dzip1l,Fbxo6,NA
421,NA,NA,NA,Ear11,Fbxw17,NA
422,NA,NA,NA,Ebi3,Fcgbp,NA
423,NA,NA,NA,Ect2,Fchsd1,NA
424,NA,NA,NA,Edn1,Fcmr,NA
425,NA,NA,NA,Ednrb,Fcnb,NA
426,NA,NA,NA,Efcab1,Fermt1,NA
427,NA,NA,NA,Efemp2,Fgd6,NA
428,NA,NA,NA,Efs,Fgf21,NA
429,NA,NA,NA,Egln3,Fgf23,NA
430,NA,NA,NA,Egr1,Fgfr2,NA
431,NA,NA,NA,Egr2,Fhdc1,NA
432,NA,NA,NA,Ehd2,Fhl1,NA
433,NA,NA,NA,Ehd4,Fhl2,NA
434,NA,NA,NA,Eif2b2,Fhl3,NA
435,NA,NA,NA,Eif2b3,Figf,NA
436,NA,NA,NA,Eif4ebp1,Filip1,NA
437,NA,NA,NA,Elavl2,Fjx1,NA
438,NA,NA,NA,Elf3,Fkbp10,NA
439,NA,NA,NA,Eln,Fkbp11,NA
440,NA,NA,NA,Elovl6,Flna,NA
441,NA,NA,NA,Emb,Flnb,NA
442,NA,NA,NA,Emp1,Flnc,NA
443,NA,NA,NA,Emp3,Fmnl1,NA
444,NA,NA,NA,Enc1,Fndc8,NA
445,NA,NA,NA,Eno2,Fntb,NA
446,NA,NA,NA,Enpp4,Fosl1,NA
447,NA,NA,NA,Enpp5,Frem2,NA
448,NA,NA,NA,Entpd6,Frmd4a,NA
449,NA,NA,NA,Eogt,Frmd6,NA
450,NA,NA,NA,Epb41l4a,Frmd8,NA
451,NA,NA,NA,Ephb2,Fry,NA
452,NA,NA,NA,Ephx2,Frzb,NA
453,NA,NA,NA,Epn3,Fscn1,NA
454,NA,NA,NA,Eps8l1,Fsip1,NA
455,NA,NA,NA,Eqtn,Fst,NA
456,NA,NA,NA,Erbb2,Fstl1,NA
457,NA,NA,NA,Esam,Fus,NA
458,NA,NA,NA,Esm1,Fut1,NA
459,NA,NA,NA,Espl1,Fut4,NA
460,NA,NA,NA,Esyt1,Fut7,NA
461,NA,NA,NA,Ets2,Fut8,NA
462,NA,NA,NA,Etv4,Fv1,NA
463,NA,NA,NA,Etv6,Fxyd3,NA
464,NA,NA,NA,Evc2,Fxyd5,NA
465,NA,NA,NA,Exnef,Fzd2,NA
466,NA,NA,NA,Ext1,Fzd6,NA
467,NA,NA,NA,Extl2,Gabrp,NA
468,NA,NA,NA,Eya2,Galnt6,NA
469,NA,NA,NA,Ezr,Galnt7,NA
470,NA,NA,NA,F2r,Gan,NA
471,NA,NA,NA,Faap20,Gas5,NA
472,NA,NA,NA,Fabp2,Gas6,NA
473,NA,NA,NA,Fabp4,Gas7,NA
474,NA,NA,NA,Fabp5,Gas8,NA
475,NA,NA,NA,Fads3,Gbp5,NA
476,NA,NA,NA,Fam102b,Gcnt3,NA
477,NA,NA,NA,Fam105a,Gem,NA
478,NA,NA,NA,Fam110a,Gfpt2,NA
479,NA,NA,NA,Fam118a,Ggh,NA
480,NA,NA,NA,Fam129a,Ggn,NA
481,NA,NA,NA,Fam129b,Gimap4,NA
482,NA,NA,NA,Fam131b,Gimap9,NA
483,NA,NA,NA,Fam134b,Gipc2,NA
484,NA,NA,NA,Fam198b,Gja1,NA
485,NA,NA,NA,Fam19a4,Gjb2,NA
486,NA,NA,NA,Fam220a,Gjc2,NA
487,NA,NA,NA,Fam25a,Glb1l2,NA
488,NA,NA,NA,Fam3c,Glis2,NA
489,NA,NA,NA,Fam49a,Gnai1,NA
490,NA,NA,NA,Fam83h,Gorab,NA
491,NA,NA,NA,Fam89a,Gpam,NA
492,NA,NA,NA,Fanca,Gpat2,NA
493,NA,NA,NA,Fas,Gpbar1,NA
494,NA,NA,NA,Fasn,Gpc3,NA
495,NA,NA,NA,Fat1,Gpd2,NA
496,NA,NA,NA,Fblim1,Gpnmb,NA
497,NA,NA,NA,Fbln1,Gpr137b,NA
498,NA,NA,NA,Fbn1,Gpr183,NA
499,NA,NA,NA,Fbn2,Gpr37,NA
500,NA,NA,NA,Fbxl8,Gpr39,NA
501,NA,NA,NA,Fbxo32,Gprc5a,NA
502,NA,NA,NA,Fbxo6,Gprc5b,NA
503,NA,NA,NA,Fbxw17,Gpx2,NA
504,NA,NA,NA,Fcgr2a,Grhl2,NA
505,NA,NA,NA,Fchsd1,Gria3,NA
506,NA,NA,NA,Fcnb,Grik5,NA
507,NA,NA,NA,Fgd6,Grk5,NA
508,NA,NA,NA,Fgf1,Gsn,NA
509,NA,NA,NA,Fgf21,Gsta3,NA
510,NA,NA,NA,Fgf23,Gtf2f1,NA
511,NA,NA,NA,Fgr,Gtse1,NA
512,NA,NA,NA,Fhdc1,Gucy2c,NA
513,NA,NA,NA,Fhl2,H19,NA
514,NA,NA,NA,Fhl3,H2afy2,NA
515,NA,NA,NA,Fibin,Hadhb,NA
516,NA,NA,NA,Figf,Hap1,NA
517,NA,NA,NA,Fjx1,Has2,NA
518,NA,NA,NA,Fkbp10,Hdc,NA
519,NA,NA,NA,Fkbp5,Hdgfrp3,NA
520,NA,NA,NA,Fkbp7,Hebp2,NA
521,NA,NA,NA,Flna,Heph,NA
522,NA,NA,NA,Flnb,Heyl,NA
523,NA,NA,NA,Flnc,Hid1,NA
524,NA,NA,NA,Flrt2,Hivep2,NA
525,NA,NA,NA,Flvcr2,Hivep3,NA
526,NA,NA,NA,Fmnl1,Hk1,NA
527,NA,NA,NA,Fndc1,Hmcn1,NA
528,NA,NA,NA,Fopnl,Hpgd,NA
529,NA,NA,NA,Fosb,Hps3,NA
530,NA,NA,NA,Fosl1,Hr,NA
531,NA,NA,NA,Fosl2,Hs3st1,NA
532,NA,NA,NA,Foxm1,Hs6st2,NA
533,NA,NA,NA,Foxq1,Hspa12b,NA
534,NA,NA,NA,Foxs1,Hspa1a,NA
535,NA,NA,NA,Frmd4a,Htra3,NA
536,NA,NA,NA,Frmd6,Ica1,NA
537,NA,NA,NA,Frzb,Icam1,NA
538,NA,NA,NA,Fscn1,Ier5,NA
539,NA,NA,NA,Fsip1,Ier5l,NA
540,NA,NA,NA,Fst,Ifngr2,NA
541,NA,NA,NA,Fstl1,Ifnlr1,NA
542,NA,NA,NA,Fut7,Igf1r,NA
543,NA,NA,NA,Fxyd5,Igf2,NA
544,NA,NA,NA,Fxyd6,Igf2bp2,NA
545,NA,NA,NA,Fyn,Igf2r,NA
546,NA,NA,NA,Fzd2,Igsf1,NA
547,NA,NA,NA,Fzd6,Igsf3,NA
548,NA,NA,NA,G0s2,Igsf9,NA
549,NA,NA,NA,Gab2,Ikbke,NA
550,NA,NA,NA,Gadd45a,Ikzf2,NA
551,NA,NA,NA,Gale,Il13ra2,NA
552,NA,NA,NA,Galnt18,Il17re,NA
553,NA,NA,NA,Galnt6,Il1r1,NA
554,NA,NA,NA,Galr3,Il1rl1,NA
555,NA,NA,NA,Gapdh,Il22ra1,NA
556,NA,NA,NA,Gar1,Il23a,NA
557,NA,NA,NA,Gas7,Il2ra,NA
558,NA,NA,NA,Gatsl2,Il2rg,NA
559,NA,NA,NA,Gbp5,Ildr1,NA
560,NA,NA,NA,Gca,Impdh1,NA
561,NA,NA,NA,Gck,Inhbe,NA
562,NA,NA,NA,Gda,Inpp1,NA
563,NA,NA,NA,Gdf15,Inpp4b,NA
564,NA,NA,NA,Gem,Iqgap1,NA
565,NA,NA,NA,Gfap,Irak1bp1,NA
566,NA,NA,NA,Gfod1,Irf1,NA
567,NA,NA,NA,Gfod2,Irg1,NA
568,NA,NA,NA,Gfpt2,Itga4,NA
569,NA,NA,NA,Ggt1,Itga6,NA
570,NA,NA,NA,Ggta1,Itga8,NA
571,NA,NA,NA,Gins2,Itgam,NA
572,NA,NA,NA,Gins3,Itgb1,NA
573,NA,NA,NA,Gipc1,Itgb4,NA
574,NA,NA,NA,Git1,Itgb6,NA
575,NA,NA,NA,Gja1,Itgb7,NA
576,NA,NA,NA,Gja5,Itgb8,NA
577,NA,NA,NA,Gjc1,Itgbl1,NA
578,NA,NA,NA,Gjc2,Itpr3,NA
579,NA,NA,NA,Glb1l2,Itpripl2,NA
580,NA,NA,NA,Gls,Izumo1,NA
581,NA,NA,NA,Gltp,Jak3,NA
582,NA,NA,NA,Gmeb1,Jam2,NA
583,NA,NA,NA,Gna13,Jph4,NA
584,NA,NA,NA,Gnai1,Kank2,NA
585,NA,NA,NA,Gnai2,Kcnb1,NA
586,NA,NA,NA,Gnat3,Kcnip4,NA
587,NA,NA,NA,Gnb1,Kcnj8,NA
588,NA,NA,NA,Gnpda1,Kcnk1,NA
589,NA,NA,NA,Gpa33,Kcnn4,NA
590,NA,NA,NA,Gpc1,Kcnq1,NA
591,NA,NA,NA,Gpc3,Kcnq3,NA
592,NA,NA,NA,Gpnmb,Kcns3,NA
593,NA,NA,NA,Gpr137b,Kcnv2,NA
594,NA,NA,NA,Gpr153,Kdelr3,NA
595,NA,NA,NA,Gpr176,Kif12,NA
596,NA,NA,NA,Gpr183,Kif26a,NA
597,NA,NA,NA,Gpr37,Kif3c,NA
598,NA,NA,NA,Gpr39,Kif5a,NA
599,NA,NA,NA,Gpr4,Kif5c,NA
600,NA,NA,NA,Gpr87,Kifc1,NA
601,NA,NA,NA,Gprc5a,Kifc3,NA
602,NA,NA,NA,Gpsm1,Kirrel,NA
603,NA,NA,NA,Gpx2,Klf4,NA
604,NA,NA,NA,Gpx3,Klf5,NA
605,NA,NA,NA,Grhl2,Klf6,NA
606,NA,NA,NA,Gria3,Klf7,NA
607,NA,NA,NA,Grk5,Klhdc8a,NA
608,NA,NA,NA,Gss,Krt18,NA
609,NA,NA,NA,Gsta3,Krt19,NA
610,NA,NA,NA,Gstcd,Krt20,NA
611,NA,NA,NA,Gstm2,Krt23,NA
612,NA,NA,NA,Gstm3,Krt8,NA
613,NA,NA,NA,Gstp1,Lad1,NA
614,NA,NA,NA,Gtse1,Lama4,NA
615,NA,NA,NA,Gucy2c,Lama5,NA
616,NA,NA,NA,Gyg1,Lamb2,NA
617,NA,NA,NA,Gypc,Lamb3,NA
618,NA,NA,NA,H19,Lamc2,NA
619,NA,NA,NA,H2afy2,Lbh,NA
620,NA,NA,NA,Hacd4,Lbp,NA
621,NA,NA,NA,Hbegf,Lca5,NA
622,NA,NA,NA,Hcn3,Lck,NA
623,NA,NA,NA,Hdgfrp3,Lcn2,NA
624,NA,NA,NA,Heatr1,Lcp1,NA
625,NA,NA,NA,Heatr6,Ldb2,NA
626,NA,NA,NA,Hebp2,Ldha,NA
627,NA,NA,NA,Heph,Lefty2,NA
628,NA,NA,NA,Heyl,Lepr,NA
629,NA,NA,NA,Hic1,Lgals1,NA
630,NA,NA,NA,Hip1,Lgals2,NA
631,NA,NA,NA,Hip1r,Lgals3,NA
632,NA,NA,NA,Hist1h1a,Lgi4,NA
633,NA,NA,NA,Hist1h1b,Lilrb4,NA
634,NA,NA,NA,Hist1h2ail1,Limk1,NA
635,NA,NA,NA,Hist1h2ak,Limk2,NA
636,NA,NA,NA,Hist1h2bd,Liph,NA
637,NA,NA,NA,Hist1h2bk,Lmna,NA
638,NA,NA,NA,Hist1h2bo,Lmnb2,NA
639,NA,NA,NA,Hist1h4m,Lmod1,NA
640,NA,NA,NA,Hivep2,Lnc215,NA
641,NA,NA,NA,Hivep3,LOC100361444,NA
642,NA,NA,NA,Hmga1,LOC100365112,NA
643,NA,NA,NA,Hmgcr,LOC100910558,NA
644,NA,NA,NA,Hn1,LOC100912312,NA
645,NA,NA,NA,Homer3,LOC302022,NA
646,NA,NA,NA,Hpcal1,LOC308990,NA
647,NA,NA,NA,Hps3,LOC361016,NA
648,NA,NA,NA,Hrasls5,LOC367975,NA
649,NA,NA,NA,Hrh1,LOC498222,NA
650,NA,NA,NA,Hrk,LOC498836,NA
651,NA,NA,NA,Hs6st2,LOC499781,NA
652,NA,NA,NA,Hsdl2,LOC654482,NA
653,NA,NA,NA,Hspa12b,LOC680227,NA
654,NA,NA,NA,Hspa1a,LOC680663,NA
655,NA,NA,NA,Hspa1b,LOC681383,NA
656,NA,NA,NA,Hspa4l,LOC688452,NA
657,NA,NA,NA,Hspb9,LOC689766,NA
658,NA,NA,NA,Htra3,LOC689986,NA
659,NA,NA,NA,Hyal2,LOC690617,NA
660,NA,NA,NA,Ica1,Loxl1,NA
661,NA,NA,NA,Icam1,Loxl4,NA
662,NA,NA,NA,Id1,Lpl,NA
663,NA,NA,NA,Idh2,Lrrc1,NA
664,NA,NA,NA,Ier2,Lrrc49,NA
665,NA,NA,NA,Ier5,Lrrc52,NA
666,NA,NA,NA,Ier5l,Lrrc75b,NA
667,NA,NA,NA,Ifi27l2b,Lrrc8e,NA
668,NA,NA,NA,Ifit2,Lrrcc1,NA
669,NA,NA,NA,Ifit3,Lrrfip1,NA
670,NA,NA,NA,Ifitm2,Lrrk2,NA
671,NA,NA,NA,Ifngr2,Lsp1,NA
672,NA,NA,NA,Ifnlr1,Ltb,NA
673,NA,NA,NA,Ift122,Ltbp1,NA
674,NA,NA,NA,Ift22,Ltbp2,NA
675,NA,NA,NA,Igf2bp2,Ltbp3,NA
676,NA,NA,NA,Igf2r,Ltbp4,NA
677,NA,NA,NA,Igfbp1,Lypd1,NA
678,NA,NA,NA,Igsf11,Lyz2,NA
679,NA,NA,NA,Igsf3,Lzts2,NA
680,NA,NA,NA,Igsf8,Maff,NA
681,NA,NA,NA,Ikbkb,Mafk,NA
682,NA,NA,NA,Ikbke,Maged2,NA
683,NA,NA,NA,Ikzf2,Magee1,NA
684,NA,NA,NA,Il10rb,Magi3,NA
685,NA,NA,NA,Il17re,Mal,NA
686,NA,NA,NA,Il1r2,Mall,NA
687,NA,NA,NA,Il1rl1,Maml3,NA
688,NA,NA,NA,Il1rn,Map1a,NA
689,NA,NA,NA,Il22ra1,Map1b,NA
690,NA,NA,NA,Il23a,Map2,NA
691,NA,NA,NA,Il2rg,Map4k2,NA
692,NA,NA,NA,Il34,Map4k4,NA
693,NA,NA,NA,Impa2,Map6,NA
694,NA,NA,NA,Impdh1,Map9,NA
695,NA,NA,NA,Incenp,Mapk4,NA
696,NA,NA,NA,Inhbb,Mapt,NA
697,NA,NA,NA,Inhbe,Mar-03,NA
698,NA,NA,NA,Inpp1,Marcks,NA
699,NA,NA,NA,Insig1,Mat2a,NA
700,NA,NA,NA,Insig2,Matk,NA
701,NA,NA,NA,Iqgap1,Mcam,NA
702,NA,NA,NA,Iqgap3,Mcemp1,NA
703,NA,NA,NA,Irak2,Mcm2,NA
704,NA,NA,NA,Irak3,Mcpt1l1,NA
705,NA,NA,NA,Irf1,Mdga1,NA
706,NA,NA,NA,Irg1,Mecom,NA
707,NA,NA,NA,Irx2,Megf6,NA
708,NA,NA,NA,Isg15,Meox1,NA
709,NA,NA,NA,Itga4,Metrnl,NA
710,NA,NA,NA,Itga5,Mfap3l,NA
711,NA,NA,NA,Itga6,Mfsd10,NA
712,NA,NA,NA,Itga8,Mfsd12,NA
713,NA,NA,NA,Itgam,Mfsd9,NA
714,NA,NA,NA,Itgb1,Mgat3,NA
715,NA,NA,NA,Itgb2,MGC105649,NA
716,NA,NA,NA,Itgb6,Micb,NA
717,NA,NA,NA,Itgb8,Mir155hg,NA
718,NA,NA,NA,Itpka,Mir199a2,NA
719,NA,NA,NA,Itpkc,Misp,NA
720,NA,NA,NA,Itpripl2,Mlph,NA
721,NA,NA,NA,Jag1,Mmd,NA
722,NA,NA,NA,Jak3,Mmp12,NA
723,NA,NA,NA,Jam2,Mmp13,NA
724,NA,NA,NA,Jph4,Mmp28,NA
725,NA,NA,NA,Jun,Mmp3,NA
726,NA,NA,NA,Junb,Mmp7,NA
727,NA,NA,NA,Jund,Mmp8,NA
728,NA,NA,NA,Kank3,Mogat2,NA
729,NA,NA,NA,Katnal1,Mphosph6,NA
730,NA,NA,NA,Kcnj8,Mpp4,NA
731,NA,NA,NA,Kcnj9,Mpp7,NA
732,NA,NA,NA,Kcnn2,Mrgprf,NA
733,NA,NA,NA,Kcnn4,Mrpl49,NA
734,NA,NA,NA,Kctd13,Mrvi1,NA
735,NA,NA,NA,Kctd15,Ms4a8,NA
736,NA,NA,NA,Kdelr3,Msantd1,NA
737,NA,NA,NA,Kif11,Msantd3,NA
738,NA,NA,NA,Kif12,Msl3l2,NA
739,NA,NA,NA,Kif1c,Msn,NA
740,NA,NA,NA,Kif22,Mst1r,NA
741,NA,NA,NA,Kif23,Mthfd1l,NA
742,NA,NA,NA,Kif26b,Mthfd2,NA
743,NA,NA,NA,Kif2c,Mthfd2l,NA
744,NA,NA,NA,Kif3a,Mtmr11,NA
745,NA,NA,NA,Kif3c,Mturn,NA
746,NA,NA,NA,Kifc1,Muc1,NA
747,NA,NA,NA,Kifc3,Mustn1,NA
748,NA,NA,NA,Kirrel,Mvb12b,NA
749,NA,NA,NA,Klf10,Mvp,NA
750,NA,NA,NA,Klf11,Mxra8,NA
751,NA,NA,NA,Klf4,Myadm,NA
752,NA,NA,NA,Klf6,Mybl1,NA
753,NA,NA,NA,Klhdc8a,Mybl2,NA
754,NA,NA,NA,Klhl5,Mybph,NA
755,NA,NA,NA,Klhl8,Mycl,NA
756,NA,NA,NA,Klra17,Myh10,NA
757,NA,NA,NA,Kntc1,Myh11,NA
758,NA,NA,NA,Kpna3,Myh14,NA
759,NA,NA,NA,Krt18,Myh7b,NA
760,NA,NA,NA,Krt20,Myh9,NA
761,NA,NA,NA,Krt23,Myh9l1,NA
762,NA,NA,NA,Krt4,Myl12a,NA
763,NA,NA,NA,Krt75,Myl9,NA
764,NA,NA,NA,Krt8,Myo1c,NA
765,NA,NA,NA,Lama5,Myo1f,NA
766,NA,NA,NA,Lamb3,Myo1g,NA
767,NA,NA,NA,Lamc1,Myo5a,NA
768,NA,NA,NA,Lamc2,Myo7b,NA
769,NA,NA,NA,Laptm5,Myocd,NA
770,NA,NA,NA,Lbh,Myof,NA
771,NA,NA,NA,Lbp,Myrip,NA
772,NA,NA,NA,Lcn2,N4bp3,NA
773,NA,NA,NA,Lcp1,Nagk,NA
774,NA,NA,NA,Leap2,Nap1l3,NA
775,NA,NA,NA,Lgals1,Nav2,NA
776,NA,NA,NA,Lgals3,Nbl1,NA
777,NA,NA,NA,Lgals3bp,Ncdn,NA
778,NA,NA,NA,Lgals9,Nceh1,NA
779,NA,NA,NA,Lgalsl,Ncf2,NA
780,NA,NA,NA,Lgmn,Nck2,NA
781,NA,NA,NA,Lhfp,Ncs1,NA
782,NA,NA,NA,Lhfpl2,Ndc1,NA
783,NA,NA,NA,Lif,Ndrg1,NA
784,NA,NA,NA,Lilrb4,Nedd9,NA
785,NA,NA,NA,Lilrc2,Nek6,NA
786,NA,NA,NA,Limch1,Nes,NA
787,NA,NA,NA,Limd1,Neurl3,NA
788,NA,NA,NA,Limk1,Nexn,NA
789,NA,NA,NA,Limk2,Nfatc2,NA
790,NA,NA,NA,Liph,Nfkb1,NA
791,NA,NA,NA,Litaf,Nfkb2,NA
792,NA,NA,NA,Lman1l,Nfkbie,NA
793,NA,NA,NA,Lmcd1,Nhs,NA
794,NA,NA,NA,Lmna,Niacr1,NA
795,NA,NA,NA,Lnx2,Nin,NA
796,NA,NA,NA,LOC100294508,Nipal2,NA
797,NA,NA,NA,LOC100361092,Nkd1,NA
798,NA,NA,NA,LOC100361444,Nlgn3,NA
799,NA,NA,NA,LOC100363193,Nme4,NA
800,NA,NA,NA,LOC100909539,Nmt2,NA
801,NA,NA,NA,LOC100909675,Nol3,NA
802,NA,NA,NA,LOC100911068,Nop56,NA
803,NA,NA,NA,LOC100912041,Nop58,NA
804,NA,NA,NA,LOC100912312,Nos2,NA
805,NA,NA,NA,LOC297756,Notch3,NA
806,NA,NA,NA,LOC308990,Nov,NA
807,NA,NA,NA,LOC361016,Npb,NA
808,NA,NA,NA,LOC498276,Npdc1,NA
809,NA,NA,NA,LOC498836,Nr2c2ap,NA
810,NA,NA,NA,LOC499781,Nrcam,NA
811,NA,NA,NA,LOC502176,Nrg1,NA
812,NA,NA,NA,LOC680663,Nrp2,NA
813,NA,NA,NA,LOC681325,Nsg2,NA
814,NA,NA,NA,LOC683722,Nuak1,NA
815,NA,NA,NA,LOC684871,Nudt7,NA
816,NA,NA,NA,LOC689065,Ogn,NA
817,NA,NA,NA,LOC690617,Olfm4,NA
818,NA,NA,NA,LOC691083,Olfml2a,NA
819,NA,NA,NA,LOC691995,Olfml2b,NA
820,NA,NA,NA,Lonrf3,Olr1,NA
821,NA,NA,NA,Loxl1,Orai2,NA
822,NA,NA,NA,Loxl2,Oraov1,NA
823,NA,NA,NA,Lpl,Orm1,NA
824,NA,NA,NA,Lrrc32,Osbpl6,NA
825,NA,NA,NA,Lrrfip1,Osgepl1,NA
826,NA,NA,NA,Lrrk2,Osmr,NA
827,NA,NA,NA,Lrrn4cl,Osr1,NA
828,NA,NA,NA,Lsm11,Otub2,NA
829,NA,NA,NA,Ltb,P2rx1,NA
830,NA,NA,NA,Ltbp1,P2rx5,NA
831,NA,NA,NA,Ltbp2,P2ry2,NA
832,NA,NA,NA,Ltbp3,Pacsin1,NA
833,NA,NA,NA,Ltbp4,Padi2,NA
834,NA,NA,NA,Lum,Pak1,NA
835,NA,NA,NA,Lurap1l,Pak1ip1,NA
836,NA,NA,NA,Ly49si1,Palm,NA
837,NA,NA,NA,Lypd1,Palm2,NA
838,NA,NA,NA,Lyrm1,Pamr1,NA
839,NA,NA,NA,Lysmd2,Papss1,NA
840,NA,NA,NA,Lyz2,Paqr6,NA
841,NA,NA,NA,Lzts2,Paqr8,NA
842,NA,NA,NA,Mad2l2,Parm1,NA
843,NA,NA,NA,Maff,Pbdc1,NA
844,NA,NA,NA,Mafk,Pcbp3,NA
845,NA,NA,NA,Magee1,Pcdh17,NA
846,NA,NA,NA,Magi3,Pcdhb12,NA
847,NA,NA,NA,Magohb,Pcdhb5,NA
848,NA,NA,NA,Mal,Pck2,NA
849,NA,NA,NA,Manba,PCOLCE2,NA
850,NA,NA,NA,Map1a,Pdcd1,NA
851,NA,NA,NA,Map1b,Pdcl3,NA
852,NA,NA,NA,Map1s,Pde4a,NA
853,NA,NA,NA,Map2k1,Pde5a,NA
854,NA,NA,NA,Map3k6,Pde6c,NA
855,NA,NA,NA,Map4k4,Pdgfa,NA
856,NA,NA,NA,Map6,Pdgfb,NA
857,NA,NA,NA,Map9,Pdgfd,NA
858,NA,NA,NA,Mapk13,Pdgfrb,NA
859,NA,NA,NA,Mapk4,Pdk3,NA
860,NA,NA,NA,Mapk7,Pdlim4,NA
861,NA,NA,NA,Mar-03,Pdlim7,NA
862,NA,NA,NA,Marcks,Peg12,NA
863,NA,NA,NA,Marcksl1,Peg3,NA
864,NA,NA,NA,Marveld2,Pex11a,NA
865,NA,NA,NA,Mat2a,Pfkp,NA
866,NA,NA,NA,Matk,Pfn2,NA
867,NA,NA,NA,Mbd2,Phactr2,NA
868,NA,NA,NA,Mbp,Phgdh,NA
869,NA,NA,NA,Mcam,Phlda3,NA
870,NA,NA,NA,Mcemp1,Phldb1,NA
871,NA,NA,NA,Mcm2,Pi16,NA
872,NA,NA,NA,Mcm5,Pik3c2b,NA
873,NA,NA,NA,Mcoln2,Pik3r5,NA
874,NA,NA,NA,Mcoln3,Pkd2,NA
875,NA,NA,NA,Mdfic,Pkia,NA
876,NA,NA,NA,Med12l,Pkm,NA
877,NA,NA,NA,Med9,Pkp2,NA
878,NA,NA,NA,Megf9,Pla1a,NA
879,NA,NA,NA,Meis3,Pla2g1b,NA
880,NA,NA,NA,Melk,Pla2g2d,NA
881,NA,NA,NA,Mesdc1,Pla2g7,NA
882,NA,NA,NA,Mesp2,Plagl1,NA
883,NA,NA,NA,Mest,Plat,NA
884,NA,NA,NA,Metrnl,Plaur,NA
885,NA,NA,NA,Mfap2,Plcd1,NA
886,NA,NA,NA,Mfap4,Plch1,NA
887,NA,NA,NA,Mfge8,Plekha1,NA
888,NA,NA,NA,Mfhas1,Plekha4,NA
889,NA,NA,NA,Mfsd10,Plekhs1,NA
890,NA,NA,NA,Mfsd12,Plet1,NA
891,NA,NA,NA,Mgarp,Plin2,NA
892,NA,NA,NA,Mgat5,Plod2,NA
893,NA,NA,NA,MGC105649,Plp2,NA
894,NA,NA,NA,Mgp,Plscr1,NA
895,NA,NA,NA,Mgrn1,Plscr4,NA
896,NA,NA,NA,Mical1,Plxna3,NA
897,NA,NA,NA,Mical2,Pmepa1,NA
898,NA,NA,NA,Micalcl,Pmp22,NA
899,NA,NA,NA,Mid2,Pnliprp2,NA
900,NA,NA,NA,Mir21,Podxl,NA
901,NA,NA,NA,Mir322,Pof1b,NA
902,NA,NA,NA,Mis12,Pola2,NA
903,NA,NA,NA,Mitd1,Polb,NA
904,NA,NA,NA,Mitf,Polr3g,NA
905,NA,NA,NA,Mki67,Popdc2,NA
906,NA,NA,NA,Mmp12,Pou2af1,NA
907,NA,NA,NA,Mmp13,Ppil1,NA
908,NA,NA,NA,Mmp2,Ppip5k1,NA
909,NA,NA,NA,Mmp23,Ppl,NA
910,NA,NA,NA,Mmp24,Ppp1r14b,NA
911,NA,NA,NA,Mmp3,Ppp1r1b,NA
912,NA,NA,NA,Mmp8,Ppp1r36,NA
913,NA,NA,NA,Mmp9,Ppp2ca,NA
914,NA,NA,NA,Mnda,Ppp2r1b,NA
915,NA,NA,NA,Mob3a,Ppp2r2b,NA
916,NA,NA,NA,Mpi,Pqlc3,NA
917,NA,NA,NA,Mpp7,Pragmin,NA
918,NA,NA,NA,Mras,Prkab2,NA
919,NA,NA,NA,Mrgprx2,Prkar1b,NA
920,NA,NA,NA,Msantd3,Prkca,NA
921,NA,NA,NA,Msc,Prlr,NA
922,NA,NA,NA,Msn,Prmt1,NA
923,NA,NA,NA,Mterfd3,Prmt2,NA
924,NA,NA,NA,Mthfd1l,Prnp,NA
925,NA,NA,NA,Mthfd2,Prom1,NA
926,NA,NA,NA,Mtmr11,Prrx1,NA
927,NA,NA,NA,Musk,Prss22,NA
928,NA,NA,NA,Mvb12b,Prss32,NA
929,NA,NA,NA,Mvp,Prss8,NA
930,NA,NA,NA,Mx2,Psapl1,NA
931,NA,NA,NA,Mxd3,Psat1,NA
932,NA,NA,NA,Mxra8,Psen2,NA
933,NA,NA,NA,Myadm,Psmb10,NA
934,NA,NA,NA,Mybbp1a,Pspc1,NA
935,NA,NA,NA,Mybl1,Ptger4,NA
936,NA,NA,NA,Mybpc1,Ptgir,NA
937,NA,NA,NA,Mybph,Ptgs2,NA
938,NA,NA,NA,Myc,Ptk2b,NA
939,NA,NA,NA,Mycl,Ptk7,NA
940,NA,NA,NA,Myct1,Ptma,NA
941,NA,NA,NA,Myef2,Ptpn14,NA
942,NA,NA,NA,Myh1,Ptpre,NA
943,NA,NA,NA,Myh10,Ptprn,NA
944,NA,NA,NA,Myh9,Ptpru,NA
945,NA,NA,NA,Myh9l1,Ptprz1,NA
946,NA,NA,NA,Myl12a,Ptrf,NA
947,NA,NA,NA,Myl4,PVR,NA
948,NA,NA,NA,Myo1c,Rab19,NA
949,NA,NA,NA,Myo1f,Rab25,NA
950,NA,NA,NA,Myo1g,Rab27b,NA
951,NA,NA,NA,Myo5a,Rab30,NA
952,NA,NA,NA,Myo7b,Rab31,NA
953,NA,NA,NA,Myof,Rab32,NA
954,NA,NA,NA,Myom1,Rab3d,NA
955,NA,NA,NA,Mypn,Rab7b,NA
956,NA,NA,NA,N4bp1,Rad51,NA
957,NA,NA,NA,N4bp3,Ralyl,NA
958,NA,NA,NA,Nacc1,Rap1gap,NA
959,NA,NA,NA,Nagk,Rapgef3,NA
960,NA,NA,NA,Nap1l3,Rasa2,NA
961,NA,NA,NA,Nav2,Rasef,NA
962,NA,NA,NA,Ncdn,Rasgrf2,NA
963,NA,NA,NA,Nceh1,Rasgrp4,NA
964,NA,NA,NA,Ncf1,Rasl10b,NA
965,NA,NA,NA,Ncf2,Rasl11b,NA
966,NA,NA,NA,Ncs1,Rasl12,NA
967,NA,NA,NA,Ndrg1,Rassf8,NA
968,NA,NA,NA,Ndufaf4,Rbm3,NA
969,NA,NA,NA,Nek2,Rbm43,NA
970,NA,NA,NA,Nek6,Rbp2,NA
971,NA,NA,NA,Nenf,Rbpj,NA
972,NA,NA,NA,Nes,Rbpjl,NA
973,NA,NA,NA,Neurl3,Rcn1,NA
974,NA,NA,NA,Nfkb1,Rcn2,NA
975,NA,NA,NA,Nfkb2,Rcn3,NA
976,NA,NA,NA,Nfkbia,Rec8,NA
977,NA,NA,NA,Nfkbie,Reck,NA
978,NA,NA,NA,Niacr1,Recql4,NA
979,NA,NA,NA,Nin,Reep5,NA
980,NA,NA,NA,Nipal2,Relt,NA
981,NA,NA,NA,Nle1,Rem2,NA
982,NA,NA,NA,Nme1,Rftn1,NA
983,NA,NA,NA,Nmt2,Rfx5,NA
984,NA,NA,NA,Nol10,RGD1304624,NA
985,NA,NA,NA,Nol3,RGD1304694,NA
986,NA,NA,NA,Nolc1,RGD1304810,NA
987,NA,NA,NA,Nop14,RGD1305928,NA
988,NA,NA,NA,Nop2,RGD1306739,NA
989,NA,NA,NA,Nop56,RGD1307315,NA
990,NA,NA,NA,Nop58,RGD1311739,NA
991,NA,NA,NA,Nos1,RGD1311756,NA
992,NA,NA,NA,Nos2,RGD1311946,NA
993,NA,NA,NA,Notch2,RGD1359127,NA
994,NA,NA,NA,Np4,RGD1561149,NA
995,NA,NA,NA,Npas2,RGD1561849,NA
996,NA,NA,NA,Npdc1,RGD1562284,NA
997,NA,NA,NA,Npffr2,RGD1562608,NA
998,NA,NA,NA,Nr2c2ap,RGD1562699,NA
999,NA,NA,NA,Nr4a1,RGD1564124,NA
1000,NA,NA,NA,Nradd,RGD1564664,NA
1001,NA,NA,NA,Nrg1,RGD1565355,NA
1002,NA,NA,NA,Nrp2,RGD1565367,NA
1003,NA,NA,NA,Nt5c,RGD1566401,NA
1004,NA,NA,NA,Nt5c3b,Rgs14,NA
1005,NA,NA,NA,Nuak1,Rgs4,NA
1006,NA,NA,NA,Nudt13,Rgs5,NA
1007,NA,NA,NA,Nudt7,Rhbdf1,NA
1008,NA,NA,NA,Nup205,Rhbdf2,NA
1009,NA,NA,NA,Nupr1,Rhbg,NA
1010,NA,NA,NA,Nusap1,Rhob,NA
1011,NA,NA,NA,Nxt1,Rhoc,NA
1012,NA,NA,NA,Nyap1,Rhoj,NA
1013,NA,NA,NA,Oasl2,Rhoq,NA
1014,NA,NA,NA,Odc1,Rhov,NA
1015,NA,NA,NA,Olfml2a,Ric3,NA
1016,NA,NA,NA,Olfml2b,Rims2,NA
1017,NA,NA,NA,Olr1,Rin1,NA
1018,NA,NA,NA,Orai2,Ripk2,NA
1019,NA,NA,NA,Orm1,Ripk3,NA
1020,NA,NA,NA,Oscar,Rmnd5b,NA
1021,NA,NA,NA,Osmr,Rnd1,NA
1022,NA,NA,NA,Oxct1,Rnf11l1,NA
1023,NA,NA,NA,P2rx5,Rnf208,NA
1024,NA,NA,NA,P3h4,Rnf219,NA
1025,NA,NA,NA,Pak1,Rnpepl1,NA
1026,NA,NA,NA,Pak1ip1,Robo2,NA
1027,NA,NA,NA,Palm,Ros1,NA
1028,NA,NA,NA,Palm2,Rp1,NA
1029,NA,NA,NA,Papss1,Rps6ka2,NA
1030,NA,NA,NA,Paqr3,Rps6ka3,NA
1031,NA,NA,NA,Paqr8,Rrp9,NA
1032,NA,NA,NA,Parp14,Rsad1,NA
1033,NA,NA,NA,Parp16,RT1-M4,NA
1034,NA,NA,NA,Parp3,Rtkn,NA
1035,NA,NA,NA,Parvb,Rtn4,NA
1036,NA,NA,NA,Pax6,Rtn4r,NA
1037,NA,NA,NA,Pax8,Runx1,NA
1038,NA,NA,NA,Pbk,S100a10,NA
1039,NA,NA,NA,Pcdh19,S100a11,NA
1040,NA,NA,NA,Pcdhb20,S100a16,NA
1041,NA,NA,NA,Pcdhb21,S100a4,NA
1042,NA,NA,NA,Pcdhga10,S100a6,NA
1043,NA,NA,NA,Pcdhga11,S100a8,NA
1044,NA,NA,NA,Pcdhga12,S100a9,NA
1045,NA,NA,NA,Pcdhga2,S1pr2,NA
1046,NA,NA,NA,Pcdhga5,Sall2,NA
1047,NA,NA,NA,Pcdhga7,Samd4a,NA
1048,NA,NA,NA,Pcdhga9,Sat1,NA
1049,NA,NA,NA,Pcdhgb7,Scamp5,NA
1050,NA,NA,NA,Pcolce,Scara3,NA
1051,NA,NA,NA,Pcp4l1,Scara5,NA
1052,NA,NA,NA,Pcyox1l,Scarf2,NA
1053,NA,NA,NA,Pdcl3,Scd2,NA
1054,NA,NA,NA,Pde10a,Schip1,NA
1055,NA,NA,NA,Pde5a,Scn3a,NA
1056,NA,NA,NA,Pde9a,Scn7a,NA
1057,NA,NA,NA,Pdgfa,Sctr,NA
1058,NA,NA,NA,Pdgfb,Scube1,NA
1059,NA,NA,NA,Pdgfd,Sdc1,NA
1060,NA,NA,NA,Pdgfra,Sdk2,NA
1061,NA,NA,NA,Pdgfrb,Sele,NA
1062,NA,NA,NA,Pdk3,Selm,NA
1063,NA,NA,NA,Pdlim1,Sema3b,NA
1064,NA,NA,NA,Pdlim2,Sema3c,NA
1065,NA,NA,NA,Pdlim4,Sema3e,NA
1066,NA,NA,NA,Pdlim7,Sema3f,NA
1067,NA,NA,NA,Peak1,Sema3g,NA
1068,NA,NA,NA,Penk,Sema4a,NA
1069,NA,NA,NA,Perp,Sema5a,NA
1070,NA,NA,NA,Pfkfb3,Sema7a,NA
1071,NA,NA,NA,Pfkp,Sep-11,NA
1072,NA,NA,NA,Pgam1,Sep-08,NA
1073,NA,NA,NA,Pgam5,Serinc2,NA
1074,NA,NA,NA,Pgd,Serpinb1a,NA
1075,NA,NA,NA,Pgm2,Serpinb5,NA
1076,NA,NA,NA,Phactr2,Serpinb8,NA
1077,NA,NA,NA,Phc2,Serpinb9,NA
1078,NA,NA,NA,Phlda1,Serpine1,NA
1079,NA,NA,NA,Phlda2,Serpinh1,NA
1080,NA,NA,NA,Phldb1,Sertad1,NA
1081,NA,NA,NA,Piezo1,Sertad4,NA
1082,NA,NA,NA,Pih1d2,Sesn3,NA
1083,NA,NA,NA,Pik3c2b,Sestd1,NA
1084,NA,NA,NA,Pik3r5,Sfrp2,NA
1085,NA,NA,NA,Pkd2,Sfxn3,NA
1086,NA,NA,NA,Pkia,Sgcb,NA
1087,NA,NA,NA,Pkm,Sgms2,NA
1088,NA,NA,NA,Pkp2,Sh3bgr,NA
1089,NA,NA,NA,Pla1a,Sh3bgrl2,NA
1090,NA,NA,NA,Pla2g7,Sh3bp4,NA
1091,NA,NA,NA,Plat,Sh3gl2,NA
1092,NA,NA,NA,Plau,Sh3rf2,NA
1093,NA,NA,NA,Plaur,Sh3yl1,NA
1094,NA,NA,NA,Plcd1,Shtn1,NA
1095,NA,NA,NA,Plce1,Sirpa,NA
1096,NA,NA,NA,Plch1,Ska2,NA
1097,NA,NA,NA,Plcxd3,Slc10a2,NA
1098,NA,NA,NA,Pld1,Slc12a2,NA
1099,NA,NA,NA,Plek2,Slc14a1,NA
1100,NA,NA,NA,Plekha1,Slc1a2,NA
1101,NA,NA,NA,Plekha4,Slc1a5,NA
1102,NA,NA,NA,Plekhg1,Slc20a1,NA
1103,NA,NA,NA,Plekhg2,Slc22a15,NA
1104,NA,NA,NA,Plekhh1,Slc23a3,NA
1105,NA,NA,NA,Plekhs1,Slc25a24,NA
1106,NA,NA,NA,Plet1,Slc25a27,NA
1107,NA,NA,NA,Plin2,Slc25a4,NA
1108,NA,NA,NA,Plin5,Slc26a9,NA
1109,NA,NA,NA,Plk1,Slc29a3,NA
1110,NA,NA,NA,Plk3,Slc34a2,NA
1111,NA,NA,NA,Plod2,Slc36a2,NA
1112,NA,NA,NA,Plp2,Slc36a4,NA
1113,NA,NA,NA,Plscr1,Slc39a10,NA
1114,NA,NA,NA,Plscr3,Slc39a5,NA
1115,NA,NA,NA,Plscr4,Slc3a2,NA
1116,NA,NA,NA,Plxna3,Slc4a3,NA
1117,NA,NA,NA,Pmepa1,Slc4a4,NA
1118,NA,NA,NA,Pmp22,Slc5a1,NA
1119,NA,NA,NA,Pmvk,Slc5a10,NA
1120,NA,NA,NA,Pnliprp2,Slc5a9,NA
1121,NA,NA,NA,Pno1,Slc7a1,NA
1122,NA,NA,NA,Pnoc,Slc7a11,NA
1123,NA,NA,NA,Pnpla5,Slc7a5,NA
1124,NA,NA,NA,Pnrc1,Slc7a6,NA
1125,NA,NA,NA,Polb,Slco3a1,NA
1126,NA,NA,NA,Polr3g,Slfnl1,NA
1127,NA,NA,NA,Popdc2,Slit2,NA
1128,NA,NA,NA,Postn,Slitrk4,NA
1129,NA,NA,NA,Ppapdc2,Smarcd1,NA
1130,NA,NA,NA,Ppic,Smoc2,NA
1131,NA,NA,NA,Ppil1,Smox,NA
1132,NA,NA,NA,Ppil3,Smpd3,NA
1133,NA,NA,NA,Ppl,Smtnl2,NA
1134,NA,NA,NA,Ppp1r14b,Snai1,NA
1135,NA,NA,NA,Ppp1r14c,Sncaip,NA
1136,NA,NA,NA,Ppp1r15a,Sncg,NA
1137,NA,NA,NA,Ppp2ca,Sned1,NA
1138,NA,NA,NA,Ppp2cb,Snhg11,NA
1139,NA,NA,NA,Ppp2r1b,Snx10,NA
1140,NA,NA,NA,Ppp2r2d,Snx12,NA
1141,NA,NA,NA,Pprc1,Snx29,NA
1142,NA,NA,NA,Pqlc3,Sod2,NA
1143,NA,NA,NA,Pragmin,Sorcs1,NA
1144,NA,NA,NA,Prc1,Sorcs2,NA
1145,NA,NA,NA,Prickle1,Sowahc,NA
1146,NA,NA,NA,Prkaa1,Sox4,NA
1147,NA,NA,NA,Prkab2,Sox9,NA
1148,NA,NA,NA,Prkar1b,Sparcl1,NA
1149,NA,NA,NA,Prkar2a,Spata2L,NA
1150,NA,NA,NA,Prkca,Spats1,NA
1151,NA,NA,NA,Prkci,Spats2,NA
1152,NA,NA,NA,Prkd1,Spdef,NA
1153,NA,NA,NA,Prkrir,Specc1,NA
1154,NA,NA,NA,Prkx,Speg,NA
1155,NA,NA,NA,Prmt3,Sphk1,NA
1156,NA,NA,NA,Procr,Spint1,NA
1157,NA,NA,NA,Prr13,Spn,NA
1158,NA,NA,NA,Prr7,Spns2,NA
1159,NA,NA,NA,Prrx1,Spp1,NA
1160,NA,NA,NA,Prss22,Spryd3,NA
1161,NA,NA,NA,Prss36,Spsb4,NA
1162,NA,NA,NA,Prss8,Sptan1,NA
1163,NA,NA,NA,Prtfdc1,Sptbn4,NA
1164,NA,NA,NA,Psat1,Sptssb,NA
1165,NA,NA,NA,Psca,Src,NA
1166,NA,NA,NA,Psen2,Srd5a3,NA
1167,NA,NA,NA,Psmb9,Sri,NA
1168,NA,NA,NA,Psph,Srpx,NA
1169,NA,NA,NA,Ptcd3,Srpx2,NA
1170,NA,NA,NA,Ptger2,Srxn1,NA
1171,NA,NA,NA,Ptger4,Ssc5d,NA
1172,NA,NA,NA,Ptgfrn,Sstr3,NA
1173,NA,NA,NA,Ptgs2,St3gal2,NA
1174,NA,NA,NA,Ptk2b,St3gal4,NA
1175,NA,NA,NA,Ptk7,St6galnac2,NA
1176,NA,NA,NA,Ptpn23,Stap1,NA
1177,NA,NA,NA,Ptpre,Steap2,NA
1178,NA,NA,NA,Ptprr,Steap4,NA
1179,NA,NA,NA,Ptprt,Stk26,NA
1180,NA,NA,NA,Ptprv,Stk39,NA
1181,NA,NA,NA,Ptrf,Stk40,NA
1182,NA,NA,NA,Pus1,Ston1,NA
1183,NA,NA,NA,PVR,Stx1a,NA
1184,NA,NA,NA,Pwwp2b,Stx1b,NA
1185,NA,NA,NA,Pxdn,Stxbp1,NA
1186,NA,NA,NA,Pycr1,Sulf1,NA
1187,NA,NA,NA,Pygb,Sult2a2,NA
1188,NA,NA,NA,Qrfpr,Sult2a6,NA
1189,NA,NA,NA,Rab11fip1,Sult5a1,NA
1190,NA,NA,NA,Rab12,Susd3,NA
1191,NA,NA,NA,Rab15,Syde1,NA
1192,NA,NA,NA,Rab23,Syn3,NA
1193,NA,NA,NA,Rab31,Syne3,NA
1194,NA,NA,NA,Rab32,Synj2,NA
1195,NA,NA,NA,Rab38,Synpo,NA
1196,NA,NA,NA,Rab4a,Synpo2,NA
1197,NA,NA,NA,Rab7b,Syt1,NA
1198,NA,NA,NA,Rad18,Syt7,NA
1199,NA,NA,NA,Rad51,Tacc2,NA
1200,NA,NA,NA,Rai14,Tacstd2,NA
1201,NA,NA,NA,Ralb,Tagln,NA
1202,NA,NA,NA,Ralyl,Tagln2,NA
1203,NA,NA,NA,Ramp1,Tax1bp3,NA
1204,NA,NA,NA,Ran,Tbcel,NA
1205,NA,NA,NA,Ranbp1,Tcf21,NA
1206,NA,NA,NA,Rap1gap,Tcf3,NA
1207,NA,NA,NA,Rap2b,Tcp11l1,NA
1208,NA,NA,NA,Rapgef3,Tdh,NA
1209,NA,NA,NA,Rapgef5,Tenm3,NA
1210,NA,NA,NA,Rarb,Tes,NA
1211,NA,NA,NA,Rasa2,Tex36,NA
1212,NA,NA,NA,Rasa3,Tfcp2l1,NA
1213,NA,NA,NA,Rasef,Tgfb1i1,NA
1214,NA,NA,NA,Rasl10b,Tgm2,NA
1215,NA,NA,NA,Rasl11b,Thbs1,NA
1216,NA,NA,NA,Rasl12,Thsd1,NA
1217,NA,NA,NA,Rassf1,Thy1,NA
1218,NA,NA,NA,Rassf8,Tiam1,NA
1219,NA,NA,NA,Rassf9,Tigar,NA
1220,NA,NA,NA,Rbbp8,Timp1,NA
1221,NA,NA,NA,Rbm3,Timp3,NA
1222,NA,NA,NA,Rbpjl,Tll1,NA
1223,NA,NA,NA,Rcan3,Tm4sf1,NA
1224,NA,NA,NA,Rcn1,Tm4sf19,NA
1225,NA,NA,NA,Rdh13,Tm4sf20,NA
1226,NA,NA,NA,Rec8,Tm6sf1,NA
1227,NA,NA,NA,Reck,Tm7sf3,NA
1228,NA,NA,NA,Reep5,Tmbim1,NA
1229,NA,NA,NA,Reep6,Tmc4,NA
1230,NA,NA,NA,Rem1,Tmc5,NA
1231,NA,NA,NA,Rem2,Tmem119,NA
1232,NA,NA,NA,Rfx5,Tmem120a,NA
1233,NA,NA,NA,Rgcc,Tmem151a,NA
1234,NA,NA,NA,RGD1304810,Tmem154,NA
1235,NA,NA,NA,RGD1305110,Tmem171,NA
1236,NA,NA,NA,RGD1305464,Tmem179,NA
1237,NA,NA,NA,RGD1305928,Tmem184a,NA
1238,NA,NA,NA,RGD1306058,Tmem184b,NA
1239,NA,NA,NA,RGD1306151,Tmem237,NA
1240,NA,NA,NA,RGD1307315,Tmem67,NA
1241,NA,NA,NA,RGD1308117,Tmem72,NA
1242,NA,NA,NA,RGD1311739,Tmsb10,NA
1243,NA,NA,NA,RGD1311946,Tnc,NA
1244,NA,NA,NA,RGD1359127,Tnf,NA
1245,NA,NA,NA,RGD1559482,Tnfaip2,NA
1246,NA,NA,NA,RGD1560010,Tnfaip6,NA
1247,NA,NA,NA,RGD1560108,Tnfaip8,NA
1248,NA,NA,NA,RGD1561149,Tnfrsf12a,NA
1249,NA,NA,NA,RGD1561161,Tnfrsf21,NA
1250,NA,NA,NA,RGD1561849,Tnfrsf9,NA
1251,NA,NA,NA,RGD1562079,Tnk1,NA
1252,NA,NA,NA,RGD1562136,Tnnt2,NA
1253,NA,NA,NA,RGD1563072,Tns3,NA
1254,NA,NA,NA,RGD1564450,Tns4,NA
1255,NA,NA,NA,RGD1564664,Tnxa-ps1,NA
1256,NA,NA,NA,RGD1565355,Tox,NA
1257,NA,NA,NA,Rgma,Tp53,NA
1258,NA,NA,NA,Rgs1,Tpbg,NA
1259,NA,NA,NA,Rgs19,Tpd52l1,NA
1260,NA,NA,NA,Rgs2,Tpm1,NA
1261,NA,NA,NA,Rgs4,Tpm2,NA
1262,NA,NA,NA,Rgs5,Tpm4,NA
1263,NA,NA,NA,Rhbdf1,Tppp3,NA
1264,NA,NA,NA,Rhbdf2,Traf3,NA
1265,NA,NA,NA,Rhob,Trak2,NA
1266,NA,NA,NA,Rhoc,Trem1,NA
1267,NA,NA,NA,Rhoq,Trem3,NA
1268,NA,NA,NA,Rims2,Tril,NA
1269,NA,NA,NA,Rin1,Trim24,NA
1270,NA,NA,NA,Rinl,Trim35,NA
1271,NA,NA,NA,Ripk2,Trim46,NA
1272,NA,NA,NA,Ripk3,Trim47,NA
1273,NA,NA,NA,Rmnd5b,Trip6,NA
1274,NA,NA,NA,Rnd1,Trmt6,NA
1275,NA,NA,NA,Rnf11l1,Trpc6,NA
1276,NA,NA,NA,Rnf19b,Trpm4,NA
1277,NA,NA,NA,Rnf4,Trpv2,NA
1278,NA,NA,NA,Rnf8,Tsc22d1,NA
1279,NA,NA,NA,Robo4,Tsc22d4,NA
1280,NA,NA,NA,Ropn1,Tshz3,NA
1281,NA,NA,NA,Rp1,Tspan11,NA
1282,NA,NA,NA,Rph3al,Tspan17,NA
1283,NA,NA,NA,Rpia,Tspan2,NA
1284,NA,NA,NA,Rpp38,Tspan8,NA
1285,NA,NA,NA,Rprm,Tspan9,NA
1286,NA,NA,NA,Rps6ka2,Tspo,NA
1287,NA,NA,NA,Rps6ka3,Tsx,NA
1288,NA,NA,NA,Rras,Ttbk1,NA
1289,NA,NA,NA,Rsad1,Ttc12,NA
1290,NA,NA,NA,RT1-A3,Ttc26,NA
1291,NA,NA,NA,RT1-Bb,Ttc39a,NA
1292,NA,NA,NA,RT1-CE14,Ttc8,NA
1293,NA,NA,NA,RT1-CE4,Ttc9,NA
1294,NA,NA,NA,RT1-M4,Ttll10,NA
1295,NA,NA,NA,Rtkn,Tuba1a,NA
1296,NA,NA,NA,Rtn4,Tuba1b,NA
1297,NA,NA,NA,Runx1,Tubb2a,NA
1298,NA,NA,NA,S100a10,Tubb2b,NA
1299,NA,NA,NA,S100a11,Tubb4b,NA
1300,NA,NA,NA,S100a16,Tubb6,NA
1301,NA,NA,NA,S100a4,Tuft1,NA
1302,NA,NA,NA,S100a6,Tusc3,NA
1303,NA,NA,NA,S100a8,Txndc5,NA
1304,NA,NA,NA,S100a9,Ube3d,NA
1305,NA,NA,NA,S1pr2,Uck2,NA
1306,NA,NA,NA,S1pr5,Ugcg,NA
1307,NA,NA,NA,Samd10,Ugt1a2,NA
1308,NA,NA,NA,Samd4a,Ugt1a9,NA
1309,NA,NA,NA,Samsn1,Uhrf1,NA
1310,NA,NA,NA,Sapcd2,Unc13b,NA
1311,NA,NA,NA,Sarm1,Unc5b,NA
1312,NA,NA,NA,Sat1,Unc5cl,NA
1313,NA,NA,NA,Scamp5,Urm1,NA
1314,NA,NA,NA,Scara5,Usp13,NA
1315,NA,NA,NA,Scd1,Usp43,NA
1316,NA,NA,NA,Scd2,Usp54,NA
1317,NA,NA,NA,Schip1,Utp18,NA
1318,NA,NA,NA,Scn5a,Vamp1,NA
1319,NA,NA,NA,Sctr,Vars,NA
1320,NA,NA,NA,Sdad1,Vcan,NA
1321,NA,NA,NA,Sdc1,Vil1,NA
1322,NA,NA,NA,Sdc4,Vim,NA
1323,NA,NA,NA,Sdcbp,Vipr2,NA
1324,NA,NA,NA,Sdcbp2,Vldlr,NA
1325,NA,NA,NA,Sdr16c6,Vnn1,NA
1326,NA,NA,NA,Sec14l1,Vopp1,NA
1327,NA,NA,NA,Sec22b,Vps36,NA
1328,NA,NA,NA,Selm,Vsig10,NA
1329,NA,NA,NA,Sema3b,Vsx1,NA
1330,NA,NA,NA,Sema3c,Vtcn1,NA
1331,NA,NA,NA,Sema4d,Vwa7,NA
1332,NA,NA,NA,Sema6b,Vwf,NA
1333,NA,NA,NA,Sep-11,Wars,NA
1334,NA,NA,NA,Sep-05,Wbp5,NA
1335,NA,NA,NA,Serinc2,Wbscr17,NA
1336,NA,NA,NA,Serpina3n,Wdr1,NA
1337,NA,NA,NA,Serpinb5,Wdr35l,NA
1338,NA,NA,NA,Serpinb8,Wdr4,NA
1339,NA,NA,NA,Serpinb9,Wfdc21,NA
1340,NA,NA,NA,Serpine1,Wisp2,NA
1341,NA,NA,NA,Serpinh1,Wnk2,NA
1342,NA,NA,NA,Sertad1,Wnt5a,NA
1343,NA,NA,NA,Sesn3,Wnt7a,NA
1344,NA,NA,NA,Setd8,Wt1,NA
1345,NA,NA,NA,Sfrp1,Xirp2,NA
1346,NA,NA,NA,Sfxn3,Yars,NA
1347,NA,NA,NA,Sfxn4,Ypel4,NA
1348,NA,NA,NA,Sgcb,Ywhah,NA
1349,NA,NA,NA,Sgcg,Zc2hc1a,NA
1350,NA,NA,NA,Sgms2,Zc3h12a,NA
1351,NA,NA,NA,Sh3bgrl2,Zc3h12d,NA
1352,NA,NA,NA,Sh3bgrl3,Zdhhc2,NA
1353,NA,NA,NA,Sh3bp4,Zfand2a,NA
1354,NA,NA,NA,Sh3yl1,Zfp202,NA
1355,NA,NA,NA,Shank3,Zfp287,NA
1356,NA,NA,NA,Shtn1,Zfp367,NA
1357,NA,NA,NA,Sipa1l3,Zfp385d,NA
1358,NA,NA,NA,Sirpa,Zfp39,NA
1359,NA,NA,NA,Sla,Zfp521,NA
1360,NA,NA,NA,Slamf6,Zfp579,NA
1361,NA,NA,NA,Slamf9,Zfp90,NA
1362,NA,NA,NA,Slc10a2,Zfpm2,NA
1363,NA,NA,NA,Slc10a3,Zmat3,NA
1364,NA,NA,NA,Slc12a8,Zwint,NA
1365,NA,NA,NA,Slc15a3,Zyx,NA
1366,NA,NA,NA,Slc16a1,NA,NA
1367,NA,NA,NA,Slc16a3,NA,NA
1368,NA,NA,NA,Slc1a5,NA,NA
1369,NA,NA,NA,Slc20a1,NA,NA
1370,NA,NA,NA,Slc23a3,NA,NA
1371,NA,NA,NA,Slc24a4,NA,NA
1372,NA,NA,NA,Slc25a24,NA,NA
1373,NA,NA,NA,Slc25a4,NA,NA
1374,NA,NA,NA,Slc25a47,NA,NA
1375,NA,NA,NA,Slc28a2,NA,NA
1376,NA,NA,NA,Slc34a2,NA,NA
1377,NA,NA,NA,Slc36a2,NA,NA
1378,NA,NA,NA,Slc36a4,NA,NA
1379,NA,NA,NA,Slc37a2,NA,NA
1380,NA,NA,NA,Slc39a10,NA,NA
1381,NA,NA,NA,Slc39a6,NA,NA
1382,NA,NA,NA,Slc4a4,NA,NA
1383,NA,NA,NA,Slc4a5,NA,NA
1384,NA,NA,NA,Slc5a9,NA,NA
1385,NA,NA,NA,Slc6a6,NA,NA
1386,NA,NA,NA,Slc6a8,NA,NA
1387,NA,NA,NA,Slc7a1,NA,NA
1388,NA,NA,NA,Slc7a11,NA,NA
1389,NA,NA,NA,Slc7a15,NA,NA
1390,NA,NA,NA,Slc7a5,NA,NA
1391,NA,NA,NA,Slc7a6,NA,NA
1392,NA,NA,NA,Slc7a8,NA,NA
1393,NA,NA,NA,Slfn2,NA,NA
1394,NA,NA,NA,Slx4ip,NA,NA
1395,NA,NA,NA,Smim3,NA,NA
1396,NA,NA,NA,Smoc2,NA,NA
1397,NA,NA,NA,Smox,NA,NA
1398,NA,NA,NA,Smpd3,NA,NA
1399,NA,NA,NA,Smtnl2,NA,NA
1400,NA,NA,NA,Smyd5,NA,NA
1401,NA,NA,NA,Snai1,NA,NA
1402,NA,NA,NA,Snrpd1,NA,NA
1403,NA,NA,NA,Sntb1,NA,NA
1404,NA,NA,NA,Snx12,NA,NA
1405,NA,NA,NA,Snx7,NA,NA
1406,NA,NA,NA,Soat1,NA,NA
1407,NA,NA,NA,Sod2,NA,NA
1408,NA,NA,NA,Sorcs1,NA,NA
1409,NA,NA,NA,Sorcs2,NA,NA
1410,NA,NA,NA,Sowahc,NA,NA
1411,NA,NA,NA,Sox4,NA,NA
1412,NA,NA,NA,Sox9,NA,NA
1413,NA,NA,NA,Sp110,NA,NA
1414,NA,NA,NA,Sp140,NA,NA
1415,NA,NA,NA,Spag9,NA,NA
1416,NA,NA,NA,Sparc,NA,NA
1417,NA,NA,NA,Sparcl1,NA,NA
1418,NA,NA,NA,Spata2L,NA,NA
1419,NA,NA,NA,Spats2,NA,NA
1420,NA,NA,NA,Spats2l,NA,NA
1421,NA,NA,NA,Specc1,NA,NA
1422,NA,NA,NA,Spef1,NA,NA
1423,NA,NA,NA,Sphk1,NA,NA
1424,NA,NA,NA,Spink3,NA,NA
1425,NA,NA,NA,Spn,NA,NA
1426,NA,NA,NA,Spp1,NA,NA
1427,NA,NA,NA,Spryd3,NA,NA
1428,NA,NA,NA,Spsb1,NA,NA
1429,NA,NA,NA,Spsb4,NA,NA
1430,NA,NA,NA,Sptan1,NA,NA
1431,NA,NA,NA,Sptbn1,NA,NA
1432,NA,NA,NA,Sptlc2,NA,NA
1433,NA,NA,NA,Sqstm1,NA,NA
1434,NA,NA,NA,Src,NA,NA
1435,NA,NA,NA,Srd5a3,NA,NA
1436,NA,NA,NA,Srf,NA,NA
1437,NA,NA,NA,Sri,NA,NA
1438,NA,NA,NA,Srms,NA,NA
1439,NA,NA,NA,Srpx2,NA,NA
1440,NA,NA,NA,Srxn1,NA,NA
1441,NA,NA,NA,Ss18,NA,NA
1442,NA,NA,NA,Ssbp4,NA,NA
1443,NA,NA,NA,Ssc5d,NA,NA
1444,NA,NA,NA,Sstr3,NA,NA
1445,NA,NA,NA,St3gal2,NA,NA
1446,NA,NA,NA,St3gal4,NA,NA
1447,NA,NA,NA,St3gal5,NA,NA
1448,NA,NA,NA,St6galnac2,NA,NA
1449,NA,NA,NA,Stac2,NA,NA
1450,NA,NA,NA,Stap1,NA,NA
1451,NA,NA,NA,Stat3,NA,NA
1452,NA,NA,NA,Steap1,NA,NA
1453,NA,NA,NA,Steap2,NA,NA
1454,NA,NA,NA,Steap4,NA,NA
1455,NA,NA,NA,Stk40,NA,NA
1456,NA,NA,NA,Stom,NA,NA
1457,NA,NA,NA,Stoml1,NA,NA
1458,NA,NA,NA,Ston1,NA,NA
1459,NA,NA,NA,Stxbp1,NA,NA
1460,NA,NA,NA,Sulf1,NA,NA
1461,NA,NA,NA,Sult2a2,NA,NA
1462,NA,NA,NA,Sult2a6,NA,NA
1463,NA,NA,NA,Sult4a1,NA,NA
1464,NA,NA,NA,Svil,NA,NA
1465,NA,NA,NA,Syde1,NA,NA
1466,NA,NA,NA,Syn3,NA,NA
1467,NA,NA,NA,Syne4,NA,NA
1468,NA,NA,NA,Synj2,NA,NA
1469,NA,NA,NA,Synpo,NA,NA
1470,NA,NA,NA,Syt1,NA,NA
1471,NA,NA,NA,Sytl4,NA,NA
1472,NA,NA,NA,Tacc1,NA,NA
1473,NA,NA,NA,Tacc2,NA,NA
1474,NA,NA,NA,Tacr3,NA,NA
1475,NA,NA,NA,Tagln,NA,NA
1476,NA,NA,NA,Tagln2,NA,NA
1477,NA,NA,NA,Tap1,NA,NA
1478,NA,NA,NA,Tapbp,NA,NA
1479,NA,NA,NA,Tax1bp3,NA,NA
1480,NA,NA,NA,Tbc1d19,NA,NA
1481,NA,NA,NA,Tbc1d2,NA,NA
1482,NA,NA,NA,Tbcel,NA,NA
1483,NA,NA,NA,Tbx1,NA,NA
1484,NA,NA,NA,Tbx4,NA,NA
1485,NA,NA,NA,Tcf4,NA,NA
1486,NA,NA,NA,Tead2,NA,NA
1487,NA,NA,NA,Tes,NA,NA
1488,NA,NA,NA,Tex36,NA,NA
1489,NA,NA,NA,Tfcp2l1,NA,NA
1490,NA,NA,NA,Tfpi,NA,NA
1491,NA,NA,NA,Tfpi2,NA,NA
1492,NA,NA,NA,Tgfa,NA,NA
1493,NA,NA,NA,Tgfb1i1,NA,NA
1494,NA,NA,NA,Tgfb3,NA,NA
1495,NA,NA,NA,Tgif1,NA,NA
1496,NA,NA,NA,Tgm2,NA,NA
1497,NA,NA,NA,Thbd,NA,NA
1498,NA,NA,NA,Thbs1,NA,NA
1499,NA,NA,NA,Thbs2,NA,NA
1500,NA,NA,NA,Thbs4,NA,NA
1501,NA,NA,NA,Them4,NA,NA
1502,NA,NA,NA,Them5,NA,NA
1503,NA,NA,NA,Them6,NA,NA
1504,NA,NA,NA,Thg1l,NA,NA
1505,NA,NA,NA,Thnsl1,NA,NA
1506,NA,NA,NA,Thsd1,NA,NA
1507,NA,NA,NA,Thy1,NA,NA
1508,NA,NA,NA,Tiam1,NA,NA
1509,NA,NA,NA,Tigar,NA,NA
1510,NA,NA,NA,Timp1,NA,NA
1511,NA,NA,NA,Timp2,NA,NA
1512,NA,NA,NA,Timp3,NA,NA
1513,NA,NA,NA,Tjp2,NA,NA
1514,NA,NA,NA,Tjp3,NA,NA
1515,NA,NA,NA,Tk1,NA,NA
1516,NA,NA,NA,Tkt,NA,NA
1517,NA,NA,NA,Tm4sf19,NA,NA
1518,NA,NA,NA,Tm6sf1,NA,NA
1519,NA,NA,NA,Tma16,NA,NA
1520,NA,NA,NA,Tmbim1,NA,NA
1521,NA,NA,NA,Tmcc3,NA,NA
1522,NA,NA,NA,Tmem106a,NA,NA
1523,NA,NA,NA,Tmem119,NA,NA
1524,NA,NA,NA,Tmem120a,NA,NA
1525,NA,NA,NA,Tmem151a,NA,NA
1526,NA,NA,NA,Tmem171,NA,NA
1527,NA,NA,NA,Tmem184b,NA,NA
1528,NA,NA,NA,Tmem2,NA,NA
1529,NA,NA,NA,Tmem237,NA,NA
1530,NA,NA,NA,Tmem243,NA,NA
1531,NA,NA,NA,Tmem252,NA,NA
1532,NA,NA,NA,Tmem26,NA,NA
1533,NA,NA,NA,Tmem41a,NA,NA
1534,NA,NA,NA,Tmem43,NA,NA
1535,NA,NA,NA,Tmem45a,NA,NA
1536,NA,NA,NA,Tmem65,NA,NA
1537,NA,NA,NA,Tmprss2,NA,NA
1538,NA,NA,NA,Tmsb10,NA,NA
1539,NA,NA,NA,Tnc,NA,NA
1540,NA,NA,NA,Tnf,NA,NA
1541,NA,NA,NA,Tnfaip1,NA,NA
1542,NA,NA,NA,Tnfaip6,NA,NA
1543,NA,NA,NA,Tnfaip8,NA,NA
1544,NA,NA,NA,Tnfrsf10b,NA,NA
1545,NA,NA,NA,Tnfrsf11b,NA,NA
1546,NA,NA,NA,Tnfrsf12a,NA,NA
1547,NA,NA,NA,Tnfrsf1b,NA,NA
1548,NA,NA,NA,Tnfrsf21,NA,NA
1549,NA,NA,NA,Tnfrsf8,NA,NA
1550,NA,NA,NA,Tnfrsf9,NA,NA
1551,NA,NA,NA,Tnfsf9,NA,NA
1552,NA,NA,NA,Tnk2,NA,NA
1553,NA,NA,NA,Tns3,NA,NA
1554,NA,NA,NA,Top2a,NA,NA
1555,NA,NA,NA,Tor3a,NA,NA
1556,NA,NA,NA,Tp53,NA,NA
1557,NA,NA,NA,Tp53i3,NA,NA
1558,NA,NA,NA,Tpm1,NA,NA
1559,NA,NA,NA,Tpm3,NA,NA
1560,NA,NA,NA,Tpm4,NA,NA
1561,NA,NA,NA,Tpx2,NA,NA
1562,NA,NA,NA,Traf1,NA,NA
1563,NA,NA,NA,Traf3,NA,NA
1564,NA,NA,NA,Trafd1,NA,NA
1565,NA,NA,NA,Trak2,NA,NA
1566,NA,NA,NA,Trem1,NA,NA
1567,NA,NA,NA,Trem2,NA,NA
1568,NA,NA,NA,Trem3,NA,NA
1569,NA,NA,NA,Trex1,NA,NA
1570,NA,NA,NA,Tril,NA,NA
1571,NA,NA,NA,Trim13,NA,NA
1572,NA,NA,NA,Trim32,NA,NA
1573,NA,NA,NA,Trim35,NA,NA
1574,NA,NA,NA,Trim69,NA,NA
1575,NA,NA,NA,Trip6,NA,NA
1576,NA,NA,NA,Trmt10a,NA,NA
1577,NA,NA,NA,Trmt6,NA,NA
1578,NA,NA,NA,Trmt61a,NA,NA
1579,NA,NA,NA,Trpm4,NA,NA
1580,NA,NA,NA,Trpv2,NA,NA
1581,NA,NA,NA,Trub1,NA,NA
1582,NA,NA,NA,Tsc22d1,NA,NA
1583,NA,NA,NA,Tsc22d2,NA,NA
1584,NA,NA,NA,Tsc22d4,NA,NA
1585,NA,NA,NA,Tshr,NA,NA
1586,NA,NA,NA,Tshz3,NA,NA
1587,NA,NA,NA,Tspan14,NA,NA
1588,NA,NA,NA,Tspan17,NA,NA
1589,NA,NA,NA,Tspan18,NA,NA
1590,NA,NA,NA,Tspan5,NA,NA
1591,NA,NA,NA,Tspo,NA,NA
1592,NA,NA,NA,Tsx,NA,NA
1593,NA,NA,NA,Ttc12,NA,NA
1594,NA,NA,NA,Ttc21b,NA,NA
1595,NA,NA,NA,Ttc25,NA,NA
1596,NA,NA,NA,Ttc26,NA,NA
1597,NA,NA,NA,Ttc3,NA,NA
1598,NA,NA,NA,Ttc39a,NA,NA
1599,NA,NA,NA,Ttk,NA,NA
1600,NA,NA,NA,Ttpal,NA,NA
1601,NA,NA,NA,Tuba1a,NA,NA
1602,NA,NA,NA,Tuba1b,NA,NA
1603,NA,NA,NA,Tuba1c,NA,NA
1604,NA,NA,NA,Tubb2a,NA,NA
1605,NA,NA,NA,Tubb2b,NA,NA
1606,NA,NA,NA,Tubb4b,NA,NA
1607,NA,NA,NA,Tubb5,NA,NA
1608,NA,NA,NA,Tubb6,NA,NA
1609,NA,NA,NA,Tuft1,NA,NA
1610,NA,NA,NA,Tusc3,NA,NA
1611,NA,NA,NA,Twf1,NA,NA
1612,NA,NA,NA,Tyms,NA,NA
1613,NA,NA,NA,Tyro3,NA,NA
1614,NA,NA,NA,Ubald1,NA,NA
1615,NA,NA,NA,Ube2g2,NA,NA
1616,NA,NA,NA,Ube3d,NA,NA
1617,NA,NA,NA,Uck2,NA,NA
1618,NA,NA,NA,Ugcg,NA,NA
1619,NA,NA,NA,Ugt1a2,NA,NA
1620,NA,NA,NA,Uhrf1,NA,NA
1621,NA,NA,NA,Umps,NA,NA
1622,NA,NA,NA,Unc13b,NA,NA
1623,NA,NA,NA,Unc5b,NA,NA
1624,NA,NA,NA,Unc5c,NA,NA
1625,NA,NA,NA,Unc79,NA,NA
1626,NA,NA,NA,Upp1,NA,NA
1627,NA,NA,NA,Usp22,NA,NA
1628,NA,NA,NA,Usp43,NA,NA
1629,NA,NA,NA,Usp46,NA,NA
1630,NA,NA,NA,Uxs1,NA,NA
1631,NA,NA,NA,Vangl1,NA,NA
1632,NA,NA,NA,Vars,NA,NA
1633,NA,NA,NA,Vasp,NA,NA
1634,NA,NA,NA,Vcan,NA,NA
1635,NA,NA,NA,Vcl,NA,NA
1636,NA,NA,NA,Vegfc,NA,NA
1637,NA,NA,NA,Vezt,NA,NA
1638,NA,NA,NA,Vim,NA,NA
1639,NA,NA,NA,Vldlr,NA,NA
1640,NA,NA,NA,Vmp1,NA,NA
1641,NA,NA,NA,Vps36,NA,NA
1642,NA,NA,NA,Vps37c,NA,NA
1643,NA,NA,NA,Vps9d1,NA,NA
1644,NA,NA,NA,Vrk2,NA,NA
1645,NA,NA,NA,Vsig10,NA,NA
1646,NA,NA,NA,Vwa7,NA,NA
1647,NA,NA,NA,Wbscr17,NA,NA
1648,NA,NA,NA,Wdr1,NA,NA
1649,NA,NA,NA,Wdr91,NA,NA
1650,NA,NA,NA,Wfdc21,NA,NA
1651,NA,NA,NA,Wnk2,NA,NA
1652,NA,NA,NA,Wnt7a,NA,NA
1653,NA,NA,NA,Xirp2,NA,NA
1654,NA,NA,NA,Xrcc6bp1,NA,NA
1655,NA,NA,NA,Yars,NA,NA
1656,NA,NA,NA,Ypel2,NA,NA
1657,NA,NA,NA,Ypel4,NA,NA
1658,NA,NA,NA,Ywhag,NA,NA
1659,NA,NA,NA,Ywhah,NA,NA
1660,NA,NA,NA,Zbed3,NA,NA
1661,NA,NA,NA,Zbtb25,NA,NA
1662,NA,NA,NA,Zbtb42,NA,NA
1663,NA,NA,NA,Zc3h12a,NA,NA
1664,NA,NA,NA,Zc3h12c,NA,NA
1665,NA,NA,NA,Zc3h12d,NA,NA
1666,NA,NA,NA,Zcchc12,NA,NA
1667,NA,NA,NA,Zdhhc13,NA,NA
1668,NA,NA,NA,Zdhhc2,NA,NA
1669,NA,NA,NA,Zfand2a,NA,NA
1670,NA,NA,NA,Zfp295,NA,NA
1671,NA,NA,NA,Zfp367,NA,NA
1672,NA,NA,NA,Zfp438,NA,NA
1673,NA,NA,NA,Zfp57,NA,NA
1674,NA,NA,NA,Zfp583,NA,NA
1675,NA,NA,NA,Zfp64,NA,NA
1676,NA,NA,NA,Zfp641,NA,NA
1677,NA,NA,NA,Zfp90,NA,NA
1678,NA,NA,NA,Zfp951,NA,NA
1679,NA,NA,NA,Zfp955a,NA,NA
1680,NA,NA,NA,Zfyve19,NA,NA
1681,NA,NA,NA,Zmat3,NA,NA
1682,NA,NA,NA,Zyx,NA,NA
